[
{
  "model": "sessions.session",
  "pk": "hssbtjj4ivg1hug3544z9yoo5i4nk9ec",
  "fields": {
    "session_data": ".eJxVjM0OwiAQhN-Fs2mg_JT1pu_gmezCNjRGmgicjO8uTTzoaZJvvpmXCNhbDr3yM2xJnIUSp19GGO9cjgJj3HtpdTpKLm2L2La9TLehFXzwZeDr1_67yFjz2FMynoCjkiMgIRgLcrFsZjKOnJSkwRlAr3CefdLSo155XdACKZ28eH8Apm848g:1rlnaj:g4Lv5R5r7IcLn_TjMGymVhuvNvAnBWHEUOCywJVzpFs",
    "expire_date": "2024-03-31T10:18:09.860Z"
  }
},
{
  "model": "taggit.tag",
  "pk": 1,
  "fields": {
    "name": "pizza",
    "slug": "pizza"
  }
},
{
  "model": "taggit.tag",
  "pk": 2,
  "fields": {
    "name": "size",
    "slug": "size"
  }
},
{
  "model": "taggit.tag",
  "pk": 3,
  "fields": {
    "name": "crust",
    "slug": "crust"
  }
},
{
  "model": "taggit.tag",
  "pk": 4,
  "fields": {
    "name": "drink",
    "slug": "drink"
  }
},
{
  "model": "taggit.tag",
  "pk": 5,
  "fields": {
    "name": "topping",
    "slug": "topping"
  }
},
{
  "model": "taggit.tag",
  "pk": 6,
  "fields": {
    "name": "desert",
    "slug": "desert"
  }
},
{
  "model": "taggit.tag",
  "pk": 7,
  "fields": {
    "name": "sides",
    "slug": "sides"
  }
},
{
  "model": "taggit.tag",
  "pk": 8,
  "fields": {
    "name": "side",
    "slug": "side"
  }
},
{
  "model": "taggit.taggeditem",
  "pk": 1,
  "fields": {
    "tag": 1,
    "content_type": [
      "shop",
      "product"
    ],
    "object_id": 1
  }
},
{
  "model": "taggit.taggeditem",
  "pk": 2,
  "fields": {
    "tag": 2,
    "content_type": [
      "shop",
      "product"
    ],
    "object_id": 2
  }
},
{
  "model": "taggit.taggeditem",
  "pk": 3,
  "fields": {
    "tag": 2,
    "content_type": [
      "shop",
      "product"
    ],
    "object_id": 3
  }
},
{
  "model": "taggit.taggeditem",
  "pk": 4,
  "fields": {
    "tag": 2,
    "content_type": [
      "shop",
      "product"
    ],
    "object_id": 4
  }
},
{
  "model": "taggit.taggeditem",
  "pk": 5,
  "fields": {
    "tag": 3,
    "content_type": [
      "shop",
      "product"
    ],
    "object_id": 5
  }
},
{
  "model": "taggit.taggeditem",
  "pk": 6,
  "fields": {
    "tag": 3,
    "content_type": [
      "shop",
      "product"
    ],
    "object_id": 6
  }
},
{
  "model": "taggit.taggeditem",
  "pk": 7,
  "fields": {
    "tag": 3,
    "content_type": [
      "shop",
      "product"
    ],
    "object_id": 7
  }
},
{
  "model": "taggit.taggeditem",
  "pk": 8,
  "fields": {
    "tag": 4,
    "content_type": [
      "shop",
      "product"
    ],
    "object_id": 8
  }
},
{
  "model": "taggit.taggeditem",
  "pk": 9,
  "fields": {
    "tag": 4,
    "content_type": [
      "shop",
      "product"
    ],
    "object_id": 9
  }
},
{
  "model": "taggit.taggeditem",
  "pk": 10,
  "fields": {
    "tag": 1,
    "content_type": [
      "shop",
      "product"
    ],
    "object_id": 10
  }
},
{
  "model": "taggit.taggeditem",
  "pk": 11,
  "fields": {
    "tag": 5,
    "content_type": [
      "shop",
      "product"
    ],
    "object_id": 11
  }
},
{
  "model": "taggit.taggeditem",
  "pk": 12,
  "fields": {
    "tag": 5,
    "content_type": [
      "shop",
      "product"
    ],
    "object_id": 12
  }
},
{
  "model": "taggit.taggeditem",
  "pk": 13,
  "fields": {
    "tag": 5,
    "content_type": [
      "shop",
      "product"
    ],
    "object_id": 13
  }
},
{
  "model": "taggit.taggeditem",
  "pk": 14,
  "fields": {
    "tag": 5,
    "content_type": [
      "shop",
      "product"
    ],
    "object_id": 14
  }
},
{
  "model": "taggit.taggeditem",
  "pk": 15,
  "fields": {
    "tag": 1,
    "content_type": [
      "shop",
      "product"
    ],
    "object_id": 15
  }
},
{
  "model": "taggit.taggeditem",
  "pk": 16,
  "fields": {
    "tag": 1,
    "content_type": [
      "shop",
      "product"
    ],
    "object_id": 16
  }
},
{
  "model": "taggit.taggeditem",
  "pk": 17,
  "fields": {
    "tag": 4,
    "content_type": [
      "shop",
      "product"
    ],
    "object_id": 17
  }
},
{
  "model": "taggit.taggeditem",
  "pk": 18,
  "fields": {
    "tag": 6,
    "content_type": [
      "shop",
      "product"
    ],
    "object_id": 18
  }
},
{
  "model": "taggit.taggeditem",
  "pk": 19,
  "fields": {
    "tag": 6,
    "content_type": [
      "shop",
      "product"
    ],
    "object_id": 19
  }
},
{
  "model": "taggit.taggeditem",
  "pk": 20,
  "fields": {
    "tag": 3,
    "content_type": [
      "shop",
      "product"
    ],
    "object_id": 20
  }
},
{
  "model": "taggit.taggeditem",
  "pk": 22,
  "fields": {
    "tag": 8,
    "content_type": [
      "shop",
      "product"
    ],
    "object_id": 22
  }
},
{
  "model": "taggit.taggeditem",
  "pk": 23,
  "fields": {
    "tag": 8,
    "content_type": [
      "shop",
      "product"
    ],
    "object_id": 21
  }
},
{
  "model": "accounts.user",
  "fields": {
    "password": "pbkdf2_sha256$600000$SJd5zU1j9AwdST8APjPamR$mkT5P5YM3J/LXL5a8Vr33kpnhwAm/K2SF6w3XqVF8Tc=",
    "last_login": "2024-03-17T10:18:09.846Z",
    "is_superuser": true,
    "first_name": "",
    "last_name": "",
    "is_staff": true,
    "is_active": true,
    "date_joined": "2024-03-17T09:33:25.524Z",
    "phone": "+642102001727",
    "email": "ahbox@outlook.com",
    "username": "rs",
    "groups": [],
    "user_permissions": []
  }
},
{
  "model": "accounts.profile",
  "pk": 1,
  "fields": {
    "user": [
      "rs"
    ],
    "date_of_birth": null,
    "photo": "",
    "email_verified": false,
    "phone_verified": false,
    "temp_token": {},
    "preference": {}
  }
},
{
  "model": "shop.product",
  "pk": 1,
  "fields": {
    "name": "Pizza Margreta",
    "slug": "pizza-margreta",
    "type": "SALE",
    "price": "8.99",
    "stock": 1000,
    "description": "Topped with freshly chopped tomatoes and cheesy mozzarella drizzled with basil pesto.",
    "published": true,
    "featured": false,
    "info": {},
    "created": "2024-03-17T09:42:06.200Z",
    "updated": "2024-03-17T09:42:06.200Z",
    "cover_image": "uploads/products/margreta.jpg"
  }
},
{
  "model": "shop.product",
  "pk": 2,
  "fields": {
    "name": "XLarge",
    "slug": "xlarge",
    "type": "SALE",
    "price": "6.99",
    "stock": 1000,
    "description": "Crust size X-Large",
    "published": true,
    "featured": false,
    "info": {},
    "created": "2024-03-17T09:43:41.324Z",
    "updated": "2024-03-17T09:43:41.324Z",
    "cover_image": ""
  }
},
{
  "model": "shop.product",
  "pk": 3,
  "fields": {
    "name": "Large",
    "slug": "large",
    "type": "SALE",
    "price": "4.99",
    "stock": 1000,
    "description": "Crust Size Large",
    "published": true,
    "featured": false,
    "info": {},
    "created": "2024-03-17T09:44:19.508Z",
    "updated": "2024-03-17T09:44:19.508Z",
    "cover_image": ""
  }
},
{
  "model": "shop.product",
  "pk": 4,
  "fields": {
    "name": "Small",
    "slug": "small",
    "type": "SALE",
    "price": "2.99",
    "stock": 1000,
    "description": "Crust Size Small",
    "published": true,
    "featured": false,
    "info": {},
    "created": "2024-03-17T10:04:12.833Z",
    "updated": "2024-03-17T10:04:12.833Z",
    "cover_image": ""
  }
},
{
  "model": "shop.product",
  "pk": 5,
  "fields": {
    "name": "Pan",
    "slug": "pan",
    "type": "SALE",
    "price": "3.99",
    "stock": 1000,
    "description": "Crust",
    "published": true,
    "featured": false,
    "info": {},
    "created": "2024-03-17T10:05:01.885Z",
    "updated": "2024-03-17T10:09:26.906Z",
    "cover_image": "uploads/products/BK_PA3zy7k_rIwcVzx.png"
  }
},
{
  "model": "shop.product",
  "pk": 6,
  "fields": {
    "name": "Thin",
    "slug": "thin",
    "type": "SALE",
    "price": "2.59",
    "stock": 1000,
    "description": "",
    "published": true,
    "featured": false,
    "info": {},
    "created": "2024-03-17T10:05:33.531Z",
    "updated": "2024-03-17T10:08:44.025Z",
    "cover_image": "uploads/products/BK_PA3zy7k.png"
  }
},
{
  "model": "shop.product",
  "pk": 7,
  "fields": {
    "name": "Cheese Stuffed",
    "slug": "cheese-stuffed",
    "type": "SALE",
    "price": "6.99",
    "stock": 1000,
    "description": "",
    "published": true,
    "featured": false,
    "info": {},
    "created": "2024-03-17T10:06:17.858Z",
    "updated": "2024-03-17T10:09:37.908Z",
    "cover_image": "uploads/products/BK_PA3zy7k_MrBIedT.png"
  }
},
{
  "model": "shop.product",
  "pk": 8,
  "fields": {
    "name": "Orange Juice",
    "slug": "orange-juice",
    "type": "SALE",
    "price": "4.99",
    "stock": 1000,
    "description": "",
    "published": true,
    "featured": false,
    "info": {},
    "created": "2024-03-17T10:07:10.750Z",
    "updated": "2024-03-17T10:10:46.625Z",
    "cover_image": "uploads/products/orange.jpg"
  }
},
{
  "model": "shop.product",
  "pk": 9,
  "fields": {
    "name": "water",
    "slug": "water",
    "type": "SALE",
    "price": "2.59",
    "stock": 1100,
    "description": "",
    "published": true,
    "featured": false,
    "info": {},
    "created": "2024-03-17T10:11:38.453Z",
    "updated": "2024-03-17T10:11:38.453Z",
    "cover_image": "uploads/products/water.png"
  }
},
{
  "model": "shop.product",
  "pk": 10,
  "fields": {
    "name": "Pepperoni",
    "slug": "pepperoni",
    "type": "SALE",
    "price": "9.99",
    "stock": 1000,
    "description": "The spicy, peppery deliciousness of pepperoni, our classic marinara tomato sauce, heaped with extra mozzarella and double pepperoni!",
    "published": true,
    "featured": false,
    "info": {},
    "created": "2024-03-17T10:13:58.885Z",
    "updated": "2024-03-17T10:13:58.885Z",
    "cover_image": "uploads/products/pepps.jpeg"
  }
},
{
  "model": "shop.product",
  "pk": 11,
  "fields": {
    "name": "Pepperonis",
    "slug": "pepperonis",
    "type": "SALE",
    "price": "2.99",
    "stock": 1001,
    "description": "",
    "published": true,
    "featured": false,
    "info": {},
    "created": "2024-03-17T10:14:56.060Z",
    "updated": "2024-03-17T10:14:56.060Z",
    "cover_image": "uploads/products/P-1.png"
  }
},
{
  "model": "shop.product",
  "pk": 12,
  "fields": {
    "name": "Jalapeños",
    "slug": "jalapenos",
    "type": "SALE",
    "price": "1.79",
    "stock": 1001,
    "description": "",
    "published": true,
    "featured": false,
    "info": {},
    "created": "2024-03-17T10:15:28.340Z",
    "updated": "2024-03-17T10:15:28.340Z",
    "cover_image": "uploads/products/J-3.png"
  }
},
{
  "model": "shop.product",
  "pk": 13,
  "fields": {
    "name": "Mushrooms",
    "slug": "mushrooms",
    "type": "SALE",
    "price": "2.99",
    "stock": 1122,
    "description": "",
    "published": true,
    "featured": false,
    "info": {},
    "created": "2024-03-17T10:15:51.465Z",
    "updated": "2024-03-17T10:15:51.465Z",
    "cover_image": "uploads/products/M-1_b0jusTU.png"
  }
},
{
  "model": "shop.product",
  "pk": 14,
  "fields": {
    "name": "Cheddar Pizza",
    "slug": "cheddar-pizza",
    "type": "SALE",
    "price": "2.89",
    "stock": 1111,
    "description": "",
    "published": true,
    "featured": false,
    "info": {},
    "created": "2024-03-17T10:16:22.974Z",
    "updated": "2024-03-17T10:16:22.974Z",
    "cover_image": "uploads/products/O-1.png"
  }
},
{
  "model": "shop.product",
  "pk": 15,
  "fields": {
    "name": "All the meats",
    "slug": "all-the-meats",
    "type": "SALE",
    "price": "12.99",
    "stock": 1112,
    "description": "The original Meat Lovers pizza!",
    "published": true,
    "featured": false,
    "info": {},
    "created": "2024-03-17T10:22:23.266Z",
    "updated": "2024-03-17T10:22:23.266Z",
    "cover_image": "uploads/products/meat_lover.jpg"
  }
},
{
  "model": "shop.product",
  "pk": 16,
  "fields": {
    "name": "Four Seasons",
    "slug": "four-seasons",
    "type": "SALE",
    "price": "16.99",
    "stock": 1234,
    "description": "Our extra-large base with classic marinara tomato sauce, loaded to the max with melted mozzarella, extra chunks of mozzarella, topped with Parmesan cheese and sprinkled with oregano. For when extra cheese is what you crave!",
    "published": true,
    "featured": false,
    "info": {},
    "created": "2024-03-17T10:24:06.029Z",
    "updated": "2024-03-17T10:24:06.029Z",
    "cover_image": "uploads/products/cheesep.jpg"
  }
},
{
  "model": "shop.product",
  "pk": 17,
  "fields": {
    "name": "Soda",
    "slug": "soda",
    "type": "SALE",
    "price": "3.89",
    "stock": 1123,
    "description": "",
    "published": true,
    "featured": false,
    "info": {},
    "created": "2024-03-17T10:25:41.985Z",
    "updated": "2024-03-17T10:25:41.985Z",
    "cover_image": "uploads/products/soda.jpeg"
  }
},
{
  "model": "shop.product",
  "pk": 18,
  "fields": {
    "name": "chocolate mousse",
    "slug": "chocolate-mousse",
    "type": "SALE",
    "price": "6.99",
    "stock": 1123,
    "description": "Chocolate Mousse\r\nA decadent, creamy swirl of chocolate mousse.",
    "published": true,
    "featured": false,
    "info": {},
    "created": "2024-03-17T10:27:00.055Z",
    "updated": "2024-03-17T10:27:00.055Z",
    "cover_image": "uploads/products/chocolate_.jpg"
  }
},
{
  "model": "shop.product",
  "pk": 19,
  "fields": {
    "name": "Lava Cake",
    "slug": "lava-cake",
    "type": "SALE",
    "price": "4.58",
    "stock": 1234,
    "description": "Delicious Hershey’s chocolate cake with a warm, rich gooey centre, dusted with icing sugar.",
    "published": true,
    "featured": false,
    "info": {},
    "created": "2024-03-17T10:27:40.781Z",
    "updated": "2024-03-17T10:27:40.781Z",
    "cover_image": "uploads/products/dessert.png"
  }
},
{
  "model": "shop.product",
  "pk": 20,
  "fields": {
    "name": "Brooklyn Crust",
    "slug": "brooklyn-crust",
    "type": "SALE",
    "price": "3.59",
    "stock": 1234,
    "description": "",
    "published": true,
    "featured": false,
    "info": {},
    "created": "2024-03-17T10:28:11.459Z",
    "updated": "2024-03-17T10:28:11.459Z",
    "cover_image": "uploads/products/BK_PA3zy7k_diRlZ2Z.png"
  }
},
{
  "model": "shop.product",
  "pk": 21,
  "fields": {
    "name": "chicken bites",
    "slug": "chicken-bites",
    "type": "SALE",
    "price": "7.99",
    "stock": 1123,
    "description": "",
    "published": true,
    "featured": false,
    "info": {},
    "created": "2024-03-17T10:28:52.648Z",
    "updated": "2024-03-17T10:30:21.795Z",
    "cover_image": "uploads/products/chicken_9EfLb8J.png"
  }
},
{
  "model": "shop.product",
  "pk": 22,
  "fields": {
    "name": "shrimp popcorn",
    "slug": "shrimp-popcorn",
    "type": "SALE",
    "price": "5.99",
    "stock": 11234,
    "description": "",
    "published": true,
    "featured": false,
    "info": {},
    "created": "2024-03-17T10:29:32.405Z",
    "updated": "2024-03-17T10:29:32.405Z",
    "cover_image": "uploads/products/loadedtots_svPYn3K.png"
  }
},
{
  "model": "shop.order",
  "pk": 1,
  "fields": {
    "identifier": "63414581-d34a-472a-b237-b4897132eb17",
    "email": "1710667507251_guest@test.net",
    "phone": null,
    "created": "2024-03-17T10:17:37.433Z",
    "updated": "2024-03-17T10:17:53.939Z",
    "paid": true,
    "payment_method": null,
    "status": "('COMPLETED', 'completed')",
    "coupon": null,
    "billing_address": null,
    "shipping_address": null
  }
},
{
  "model": "shop.orderitem",
  "pk": 1,
  "fields": {
    "order": 1,
    "product": 10,
    "price": "9.99",
    "quantity": 1
  }
},
{
  "model": "shop.orderitem",
  "pk": 2,
  "fields": {
    "order": 1,
    "product": 3,
    "price": "4.99",
    "quantity": 1
  }
},
{
  "model": "shop.orderitem",
  "pk": 3,
  "fields": {
    "order": 1,
    "product": 7,
    "price": "6.99",
    "quantity": 1
  }
},
{
  "model": "shop.orderitem",
  "pk": 4,
  "fields": {
    "order": 1,
    "product": 14,
    "price": "2.89",
    "quantity": 1
  }
},
{
  "model": "shop.orderitem",
  "pk": 5,
  "fields": {
    "order": 1,
    "product": 13,
    "price": "2.99",
    "quantity": 1
  }
},
{
  "model": "shop.coupon",
  "pk": 1,
  "fields": {
    "code": "ABC50",
    "valid_from": "2024-03-17T10:19:02Z",
    "valid_to": "2027-07-10T10:19:12Z",
    "discount": 50,
    "discount_type": "PERCENT",
    "active": true
  }
},
{
  "model": "shop.coupon",
  "pk": 2,
  "fields": {
    "code": "PZR20",
    "valid_from": "2024-03-17T10:19:48Z",
    "valid_to": "2027-03-17T10:19:50Z",
    "discount": 20,
    "discount_type": "FIXED",
    "active": true
  }
},
{
  "model": "shop.coupon",
  "pk": 3,
  "fields": {
    "code": "PTZRFREE",
    "valid_from": "2024-03-17T10:20:16Z",
    "valid_to": "2027-03-17T10:20:22Z",
    "discount": 100,
    "discount_type": "PERCENT",
    "active": false
  }
},
{
  "model": "shop.paymentlog",
  "pk": 1,
  "fields": {
    "user": null,
    "order": 1,
    "amount": "2785.00",
    "timestamp": "2024-03-17T10:17:53.925Z",
    "transaction_id": "pi_3OvGmqBqjEbuVznC3fj1nFSc",
    "info": {
      "type": "pm_1OvGmpBqjEbuVznCFIiHq6Hw"
    }
  }
},
{
  "model": "admin.logentry",
  "pk": 1,
  "fields": {
    "action_time": "2024-03-17T09:42:06.234Z",
    "user": [
      "rs"
    ],
    "content_type": [
      "shop",
      "product"
    ],
    "object_id": "1",
    "object_repr": " #1 - pizza-margreta",
    "action_flag": 1,
    "change_message": "[{\"added\": {}}]"
  }
},
{
  "model": "admin.logentry",
  "pk": 2,
  "fields": {
    "action_time": "2024-03-17T09:43:41.353Z",
    "user": [
      "rs"
    ],
    "content_type": [
      "shop",
      "product"
    ],
    "object_id": "2",
    "object_repr": " #2 - xlarge",
    "action_flag": 1,
    "change_message": "[{\"added\": {}}]"
  }
},
{
  "model": "admin.logentry",
  "pk": 3,
  "fields": {
    "action_time": "2024-03-17T09:44:19.534Z",
    "user": [
      "rs"
    ],
    "content_type": [
      "shop",
      "product"
    ],
    "object_id": "3",
    "object_repr": " #3 - large",
    "action_flag": 1,
    "change_message": "[{\"added\": {}}]"
  }
},
{
  "model": "admin.logentry",
  "pk": 4,
  "fields": {
    "action_time": "2024-03-17T10:04:12.862Z",
    "user": [
      "rs"
    ],
    "content_type": [
      "shop",
      "product"
    ],
    "object_id": "4",
    "object_repr": " #4 - small",
    "action_flag": 1,
    "change_message": "[{\"added\": {}}]"
  }
},
{
  "model": "admin.logentry",
  "pk": 5,
  "fields": {
    "action_time": "2024-03-17T10:05:01.937Z",
    "user": [
      "rs"
    ],
    "content_type": [
      "shop",
      "product"
    ],
    "object_id": "5",
    "object_repr": " #5 - pan",
    "action_flag": 1,
    "change_message": "[{\"added\": {}}]"
  }
},
{
  "model": "admin.logentry",
  "pk": 6,
  "fields": {
    "action_time": "2024-03-17T10:05:33.554Z",
    "user": [
      "rs"
    ],
    "content_type": [
      "shop",
      "product"
    ],
    "object_id": "6",
    "object_repr": " #6 - thin",
    "action_flag": 1,
    "change_message": "[{\"added\": {}}]"
  }
},
{
  "model": "admin.logentry",
  "pk": 7,
  "fields": {
    "action_time": "2024-03-17T10:06:17.893Z",
    "user": [
      "rs"
    ],
    "content_type": [
      "shop",
      "product"
    ],
    "object_id": "7",
    "object_repr": " #7 - cheese-stuffed",
    "action_flag": 1,
    "change_message": "[{\"added\": {}}]"
  }
},
{
  "model": "admin.logentry",
  "pk": 8,
  "fields": {
    "action_time": "2024-03-17T10:07:10.778Z",
    "user": [
      "rs"
    ],
    "content_type": [
      "shop",
      "product"
    ],
    "object_id": "8",
    "object_repr": " #8 - orange-juice",
    "action_flag": 1,
    "change_message": "[{\"added\": {}}]"
  }
},
{
  "model": "admin.logentry",
  "pk": 9,
  "fields": {
    "action_time": "2024-03-17T10:08:44.040Z",
    "user": [
      "rs"
    ],
    "content_type": [
      "shop",
      "product"
    ],
    "object_id": "6",
    "object_repr": " #6 - thin",
    "action_flag": 2,
    "change_message": "[{\"changed\": {\"fields\": [\"Cover_image\"]}}]"
  }
},
{
  "model": "admin.logentry",
  "pk": 10,
  "fields": {
    "action_time": "2024-03-17T10:09:26.920Z",
    "user": [
      "rs"
    ],
    "content_type": [
      "shop",
      "product"
    ],
    "object_id": "5",
    "object_repr": " #5 - pan",
    "action_flag": 2,
    "change_message": "[{\"changed\": {\"fields\": [\"Cover_image\"]}}]"
  }
},
{
  "model": "admin.logentry",
  "pk": 11,
  "fields": {
    "action_time": "2024-03-17T10:09:37.926Z",
    "user": [
      "rs"
    ],
    "content_type": [
      "shop",
      "product"
    ],
    "object_id": "7",
    "object_repr": " #7 - cheese-stuffed",
    "action_flag": 2,
    "change_message": "[{\"changed\": {\"fields\": [\"Cover_image\"]}}]"
  }
},
{
  "model": "admin.logentry",
  "pk": 12,
  "fields": {
    "action_time": "2024-03-17T10:10:46.642Z",
    "user": [
      "rs"
    ],
    "content_type": [
      "shop",
      "product"
    ],
    "object_id": "8",
    "object_repr": " #8 - orange-juice",
    "action_flag": 2,
    "change_message": "[{\"changed\": {\"fields\": [\"Cover_image\"]}}]"
  }
},
{
  "model": "admin.logentry",
  "pk": 13,
  "fields": {
    "action_time": "2024-03-17T10:11:38.481Z",
    "user": [
      "rs"
    ],
    "content_type": [
      "shop",
      "product"
    ],
    "object_id": "9",
    "object_repr": " #9 - water",
    "action_flag": 1,
    "change_message": "[{\"added\": {}}]"
  }
},
{
  "model": "admin.logentry",
  "pk": 14,
  "fields": {
    "action_time": "2024-03-17T10:13:58.913Z",
    "user": [
      "rs"
    ],
    "content_type": [
      "shop",
      "product"
    ],
    "object_id": "10",
    "object_repr": " #10 - pepperoni",
    "action_flag": 1,
    "change_message": "[{\"added\": {}}]"
  }
},
{
  "model": "admin.logentry",
  "pk": 15,
  "fields": {
    "action_time": "2024-03-17T10:14:56.090Z",
    "user": [
      "rs"
    ],
    "content_type": [
      "shop",
      "product"
    ],
    "object_id": "11",
    "object_repr": " #11 - pepperonis",
    "action_flag": 1,
    "change_message": "[{\"added\": {}}]"
  }
},
{
  "model": "admin.logentry",
  "pk": 16,
  "fields": {
    "action_time": "2024-03-17T10:15:28.366Z",
    "user": [
      "rs"
    ],
    "content_type": [
      "shop",
      "product"
    ],
    "object_id": "12",
    "object_repr": " #12 - jalapenos",
    "action_flag": 1,
    "change_message": "[{\"added\": {}}]"
  }
},
{
  "model": "admin.logentry",
  "pk": 17,
  "fields": {
    "action_time": "2024-03-17T10:15:51.491Z",
    "user": [
      "rs"
    ],
    "content_type": [
      "shop",
      "product"
    ],
    "object_id": "13",
    "object_repr": " #13 - mushrooms",
    "action_flag": 1,
    "change_message": "[{\"added\": {}}]"
  }
},
{
  "model": "admin.logentry",
  "pk": 18,
  "fields": {
    "action_time": "2024-03-17T10:16:23.000Z",
    "user": [
      "rs"
    ],
    "content_type": [
      "shop",
      "product"
    ],
    "object_id": "14",
    "object_repr": " #14 - cheddar-pizza",
    "action_flag": 1,
    "change_message": "[{\"added\": {}}]"
  }
},
{
  "model": "admin.logentry",
  "pk": 19,
  "fields": {
    "action_time": "2024-03-17T10:19:21.884Z",
    "user": [
      "rs"
    ],
    "content_type": [
      "shop",
      "coupon"
    ],
    "object_id": "1",
    "object_repr": "ABC50",
    "action_flag": 1,
    "change_message": "[{\"added\": {}}]"
  }
},
{
  "model": "admin.logentry",
  "pk": 20,
  "fields": {
    "action_time": "2024-03-17T10:19:55.905Z",
    "user": [
      "rs"
    ],
    "content_type": [
      "shop",
      "coupon"
    ],
    "object_id": "2",
    "object_repr": "PZR20",
    "action_flag": 1,
    "change_message": "[{\"added\": {}}]"
  }
},
{
  "model": "admin.logentry",
  "pk": 21,
  "fields": {
    "action_time": "2024-03-17T10:20:29.219Z",
    "user": [
      "rs"
    ],
    "content_type": [
      "shop",
      "coupon"
    ],
    "object_id": "3",
    "object_repr": "PTZRFREE",
    "action_flag": 1,
    "change_message": "[{\"added\": {}}]"
  }
},
{
  "model": "admin.logentry",
  "pk": 22,
  "fields": {
    "action_time": "2024-03-17T10:22:23.296Z",
    "user": [
      "rs"
    ],
    "content_type": [
      "shop",
      "product"
    ],
    "object_id": "15",
    "object_repr": " #15 - all-the-meats",
    "action_flag": 1,
    "change_message": "[{\"added\": {}}]"
  }
},
{
  "model": "admin.logentry",
  "pk": 23,
  "fields": {
    "action_time": "2024-03-17T10:24:06.056Z",
    "user": [
      "rs"
    ],
    "content_type": [
      "shop",
      "product"
    ],
    "object_id": "16",
    "object_repr": " #16 - four-seasons",
    "action_flag": 1,
    "change_message": "[{\"added\": {}}]"
  }
},
{
  "model": "admin.logentry",
  "pk": 24,
  "fields": {
    "action_time": "2024-03-17T10:25:42.014Z",
    "user": [
      "rs"
    ],
    "content_type": [
      "shop",
      "product"
    ],
    "object_id": "17",
    "object_repr": " #17 - soda",
    "action_flag": 1,
    "change_message": "[{\"added\": {}}]"
  }
},
{
  "model": "admin.logentry",
  "pk": 25,
  "fields": {
    "action_time": "2024-03-17T10:27:00.089Z",
    "user": [
      "rs"
    ],
    "content_type": [
      "shop",
      "product"
    ],
    "object_id": "18",
    "object_repr": " #18 - chocolate-mousse",
    "action_flag": 1,
    "change_message": "[{\"added\": {}}]"
  }
},
{
  "model": "admin.logentry",
  "pk": 26,
  "fields": {
    "action_time": "2024-03-17T10:27:40.809Z",
    "user": [
      "rs"
    ],
    "content_type": [
      "shop",
      "product"
    ],
    "object_id": "19",
    "object_repr": " #19 - lava-cake",
    "action_flag": 1,
    "change_message": "[{\"added\": {}}]"
  }
},
{
  "model": "admin.logentry",
  "pk": 27,
  "fields": {
    "action_time": "2024-03-17T10:28:11.487Z",
    "user": [
      "rs"
    ],
    "content_type": [
      "shop",
      "product"
    ],
    "object_id": "20",
    "object_repr": " #20 - brooklyn-crust",
    "action_flag": 1,
    "change_message": "[{\"added\": {}}]"
  }
},
{
  "model": "admin.logentry",
  "pk": 28,
  "fields": {
    "action_time": "2024-03-17T10:28:52.681Z",
    "user": [
      "rs"
    ],
    "content_type": [
      "shop",
      "product"
    ],
    "object_id": "21",
    "object_repr": " #21 - chicken-bites",
    "action_flag": 1,
    "change_message": "[{\"added\": {}}]"
  }
},
{
  "model": "admin.logentry",
  "pk": 29,
  "fields": {
    "action_time": "2024-03-17T10:29:32.435Z",
    "user": [
      "rs"
    ],
    "content_type": [
      "shop",
      "product"
    ],
    "object_id": "22",
    "object_repr": " #22 - shrimp-popcorn",
    "action_flag": 1,
    "change_message": "[{\"added\": {}}]"
  }
},
{
  "model": "admin.logentry",
  "pk": 30,
  "fields": {
    "action_time": "2024-03-17T10:29:57.533Z",
    "user": [
      "rs"
    ],
    "content_type": [
      "shop",
      "product"
    ],
    "object_id": "21",
    "object_repr": " #21 - chicken-bites",
    "action_flag": 2,
    "change_message": "[{\"changed\": {\"fields\": [\"Cover_image\"]}}]"
  }
},
{
  "model": "admin.logentry",
  "pk": 31,
  "fields": {
    "action_time": "2024-03-17T10:30:07.202Z",
    "user": [
      "rs"
    ],
    "content_type": [
      "shop",
      "product"
    ],
    "object_id": "21",
    "object_repr": " #21 - chicken-bites",
    "action_flag": 2,
    "change_message": "[{\"changed\": {\"fields\": [\"Cover_image\"]}}]"
  }
},
{
  "model": "admin.logentry",
  "pk": 32,
  "fields": {
    "action_time": "2024-03-17T10:30:21.820Z",
    "user": [
      "rs"
    ],
    "content_type": [
      "shop",
      "product"
    ],
    "object_id": "21",
    "object_repr": " #21 - chicken-bites",
    "action_flag": 2,
    "change_message": "[{\"changed\": {\"fields\": [\"Tags\"]}}]"
  }
}
]
