[
  {
    "model": "admin.logentry",
    "pk": 1,
    "fields": {
      "action_time": "2023-11-28T07:00:57.566Z",
      "user": 1,
      "content_type": 9,
      "object_id": "1",
      "object_repr": "35fb938d0d9dbd65f80a1a11868df1f7ff4650ec",
      "action_flag": 1,
      "change_message": "[{\"added\": {}}]"
    }
  },
  {
    "model": "admin.logentry",
    "pk": 2,
    "fields": {
      "action_time": "2023-11-29T00:48:22.566Z",
      "user": 1,
      "content_type": 10,
      "object_id": "1",
      "object_repr": " #1 - ",
      "action_flag": 1,
      "change_message": "[{\"added\": {}}]"
    }
  },
  {
    "model": "admin.logentry",
    "pk": 3,
    "fields": {
      "action_time": "2023-11-29T01:05:52.026Z",
      "user": 1,
      "content_type": 10,
      "object_id": "2",
      "object_repr": " #2 - macbook-pro",
      "action_flag": 1,
      "change_message": "[{\"added\": {}}]"
    }
  },
  {
    "model": "admin.logentry",
    "pk": 4,
    "fields": {
      "action_time": "2023-11-29T19:56:03.829Z",
      "user": 1,
      "content_type": 10,
      "object_id": "4",
      "object_repr": " #4 - pizza-margerita_nLii",
      "action_flag": 2,
      "change_message": "[{\"changed\": {\"fields\": [\"Type\", \"Tags\"]}}]"
    }
  },
  {
    "model": "admin.logentry",
    "pk": 5,
    "fields": {
      "action_time": "2023-11-29T19:56:13.071Z",
      "user": 1,
      "content_type": 10,
      "object_id": "4",
      "object_repr": " #4 - pizza-pepps",
      "action_flag": 2,
      "change_message": "[{\"changed\": {\"fields\": [\"Name\"]}}]"
    }
  },
  {
    "model": "admin.logentry",
    "pk": 6,
    "fields": {
      "action_time": "2023-11-29T21:38:53.184Z",
      "user": 1,
      "content_type": 10,
      "object_id": "4",
      "object_repr": " #4 - pizza-pepps",
      "action_flag": 2,
      "change_message": "[{\"changed\": {\"fields\": [\"Stock\"]}}]"
    }
  },
  {
    "model": "admin.logentry",
    "pk": 7,
    "fields": {
      "action_time": "2023-12-02T03:00:03.142Z",
      "user": 1,
      "content_type": 10,
      "object_id": "4",
      "object_repr": " #4 - pizza-pepps",
      "action_flag": 3,
      "change_message": ""
    }
  },
  {
    "model": "admin.logentry",
    "pk": 8,
    "fields": {
      "action_time": "2023-12-02T03:00:03.144Z",
      "user": 1,
      "content_type": 10,
      "object_id": "3",
      "object_repr": " #3 - pizza-margerita",
      "action_flag": 3,
      "change_message": ""
    }
  },
  {
    "model": "admin.logentry",
    "pk": 9,
    "fields": {
      "action_time": "2023-12-02T03:00:03.145Z",
      "user": 1,
      "content_type": 10,
      "object_id": "2",
      "object_repr": " #2 - macbook-pro",
      "action_flag": 3,
      "change_message": ""
    }
  },
  {
    "model": "admin.logentry",
    "pk": 10,
    "fields": {
      "action_time": "2023-12-02T03:00:03.147Z",
      "user": 1,
      "content_type": 10,
      "object_id": "1",
      "object_repr": " #1 - pizza",
      "action_flag": 3,
      "change_message": ""
    }
  },
  {
    "model": "admin.logentry",
    "pk": 11,
    "fields": {
      "action_time": "2023-12-02T03:05:19.580Z",
      "user": 1,
      "content_type": 10,
      "object_id": "5",
      "object_repr": " #5 - pizza-margreta",
      "action_flag": 1,
      "change_message": "[{\"added\": {}}]"
    }
  },
  {
    "model": "admin.logentry",
    "pk": 12,
    "fields": {
      "action_time": "2023-12-02T03:05:47.214Z",
      "user": 1,
      "content_type": 10,
      "object_id": "6",
      "object_repr": " #6 - pizza-pepperoni",
      "action_flag": 1,
      "change_message": "[{\"added\": {}}]"
    }
  },
  {
    "model": "admin.logentry",
    "pk": 13,
    "fields": {
      "action_time": "2023-12-02T03:06:30.401Z",
      "user": 1,
      "content_type": 10,
      "object_id": "7",
      "object_repr": " #7 - sprite-500ml",
      "action_flag": 1,
      "change_message": "[{\"added\": {}}]"
    }
  },
  {
    "model": "admin.logentry",
    "pk": 14,
    "fields": {
      "action_time": "2023-12-03T03:58:37.669Z",
      "user": 1,
      "content_type": 10,
      "object_id": "6",
      "object_repr": " #6 - pizza-pepperoni",
      "action_flag": 2,
      "change_message": "[{\"changed\": {\"fields\": [\"Cover_image\"]}}]"
    }
  },
  {
    "model": "admin.logentry",
    "pk": 15,
    "fields": {
      "action_time": "2023-12-03T03:59:20.718Z",
      "user": 1,
      "content_type": 10,
      "object_id": "5",
      "object_repr": " #5 - pizza-margreta",
      "action_flag": 2,
      "change_message": "[{\"changed\": {\"fields\": [\"Cover_image\"]}}]"
    }
  },
  {
    "model": "admin.logentry",
    "pk": 16,
    "fields": {
      "action_time": "2023-12-03T04:02:25.222Z",
      "user": 1,
      "content_type": 10,
      "object_id": "7",
      "object_repr": " #7 - sprite-500ml",
      "action_flag": 2,
      "change_message": "[{\"changed\": {\"fields\": [\"Cover_image\"]}}]"
    }
  },
  {
    "model": "admin.logentry",
    "pk": 17,
    "fields": {
      "action_time": "2023-12-03T10:19:15.456Z",
      "user": 1,
      "content_type": 10,
      "object_id": "8",
      "object_repr": " #8 - coke",
      "action_flag": 1,
      "change_message": "[{\"added\": {}}]"
    }
  },
  {
    "model": "admin.logentry",
    "pk": 18,
    "fields": {
      "action_time": "2023-12-03T10:20:22.772Z",
      "user": 1,
      "content_type": 10,
      "object_id": "9",
      "object_repr": " #9 - cheddar-pizza",
      "action_flag": 1,
      "change_message": "[{\"added\": {}}]"
    }
  },
  {
    "model": "admin.logentry",
    "pk": 19,
    "fields": {
      "action_time": "2023-12-03T10:20:49.648Z",
      "user": 1,
      "content_type": 10,
      "object_id": "9",
      "object_repr": " #9 - cheddar-pizza",
      "action_flag": 2,
      "change_message": "[{\"changed\": {\"fields\": [\"Cover_image\"]}}]"
    }
  },
  {
    "model": "admin.logentry",
    "pk": 20,
    "fields": {
      "action_time": "2023-12-03T10:20:54.299Z",
      "user": 1,
      "content_type": 10,
      "object_id": "9",
      "object_repr": " #9 - cheddar-pizza",
      "action_flag": 2,
      "change_message": "[]"
    }
  },
  {
    "model": "admin.logentry",
    "pk": 21,
    "fields": {
      "action_time": "2023-12-03T10:21:32.729Z",
      "user": 1,
      "content_type": 10,
      "object_id": "10",
      "object_repr": " #10 - beef",
      "action_flag": 1,
      "change_message": "[{\"added\": {}}]"
    }
  },
  {
    "model": "admin.logentry",
    "pk": 22,
    "fields": {
      "action_time": "2023-12-03T10:21:58.567Z",
      "user": 1,
      "content_type": 10,
      "object_id": "11",
      "object_repr": " #11 - mushrooms",
      "action_flag": 1,
      "change_message": "[{\"added\": {}}]"
    }
  },
  {
    "model": "admin.logentry",
    "pk": 23,
    "fields": {
      "action_time": "2023-12-03T10:22:43.704Z",
      "user": 1,
      "content_type": 10,
      "object_id": "12",
      "object_repr": " #12 - pepperonis",
      "action_flag": 1,
      "change_message": "[{\"added\": {}}]"
    }
  },
  {
    "model": "admin.logentry",
    "pk": 24,
    "fields": {
      "action_time": "2023-12-03T10:23:14.938Z",
      "user": 1,
      "content_type": 10,
      "object_id": "13",
      "object_repr": " #13 - jalapenos",
      "action_flag": 1,
      "change_message": "[{\"added\": {}}]"
    }
  },
  {
    "model": "admin.logentry",
    "pk": 25,
    "fields": {
      "action_time": "2023-12-03T10:24:09.072Z",
      "user": 1,
      "content_type": 10,
      "object_id": "14",
      "object_repr": " #14 - loaded-chicken",
      "action_flag": 1,
      "change_message": "[{\"added\": {}}]"
    }
  },
  {
    "model": "admin.logentry",
    "pk": 26,
    "fields": {
      "action_time": "2023-12-03T10:24:32.690Z",
      "user": 1,
      "content_type": 10,
      "object_id": "14",
      "object_repr": " #14 - loaded-chicken",
      "action_flag": 2,
      "change_message": "[{\"changed\": {\"fields\": [\"Tags\"]}}]"
    }
  },
  {
    "model": "admin.logentry",
    "pk": 27,
    "fields": {
      "action_time": "2023-12-03T10:24:47.807Z",
      "user": 1,
      "content_type": 11,
      "object_id": "4",
      "object_repr": "sides",
      "action_flag": 3,
      "change_message": ""
    }
  },
  {
    "model": "admin.logentry",
    "pk": 28,
    "fields": {
      "action_time": "2023-12-03T10:27:56.825Z",
      "user": 1,
      "content_type": 10,
      "object_id": "15",
      "object_repr": " #15 - xlarge",
      "action_flag": 1,
      "change_message": "[{\"added\": {}}]"
    }
  },
  {
    "model": "admin.logentry",
    "pk": 29,
    "fields": {
      "action_time": "2023-12-03T10:28:13.471Z",
      "user": 1,
      "content_type": 10,
      "object_id": "16",
      "object_repr": " #16 - large",
      "action_flag": 1,
      "change_message": "[{\"added\": {}}]"
    }
  },
  {
    "model": "admin.logentry",
    "pk": 30,
    "fields": {
      "action_time": "2023-12-03T10:28:27.121Z",
      "user": 1,
      "content_type": 10,
      "object_id": "17",
      "object_repr": " #17 - small",
      "action_flag": 1,
      "change_message": "[{\"added\": {}}]"
    }
  },
  {
    "model": "admin.logentry",
    "pk": 31,
    "fields": {
      "action_time": "2023-12-03T10:29:14.663Z",
      "user": 1,
      "content_type": 10,
      "object_id": "18",
      "object_repr": " #18 - thin-crust",
      "action_flag": 1,
      "change_message": "[{\"added\": {}}]"
    }
  },
  {
    "model": "admin.logentry",
    "pk": 32,
    "fields": {
      "action_time": "2023-12-03T10:29:42.857Z",
      "user": 1,
      "content_type": 10,
      "object_id": "19",
      "object_repr": " #19 - pan",
      "action_flag": 1,
      "change_message": "[{\"added\": {}}]"
    }
  },
  {
    "model": "admin.logentry",
    "pk": 33,
    "fields": {
      "action_time": "2023-12-03T10:30:08.501Z",
      "user": 1,
      "content_type": 10,
      "object_id": "20",
      "object_repr": " #20 - hand-tossed",
      "action_flag": 1,
      "change_message": "[{\"added\": {}}]"
    }
  },
  {
    "model": "admin.logentry",
    "pk": 34,
    "fields": {
      "action_time": "2023-12-03T10:30:32.483Z",
      "user": 1,
      "content_type": 10,
      "object_id": "21",
      "object_repr": " #21 - brooklyn-crust",
      "action_flag": 1,
      "change_message": "[{\"added\": {}}]"
    }
  },
  {
    "model": "admin.logentry",
    "pk": 35,
    "fields": {
      "action_time": "2023-12-03T10:31:24.581Z",
      "user": 1,
      "content_type": 10,
      "object_id": "22",
      "object_repr": " #22 - lava-cake",
      "action_flag": 1,
      "change_message": "[{\"added\": {}}]"
    }
  },
  {
    "model": "admin.logentry",
    "pk": 36,
    "fields": {
      "action_time": "2023-12-04T13:55:51.098Z",
      "user": 1,
      "content_type": 10,
      "object_id": "22",
      "object_repr": " #22 - lava-cake",
      "action_flag": 2,
      "change_message": "[{\"changed\": {\"fields\": [\"Stock\"]}}]"
    }
  },
  {
    "model": "admin.logentry",
    "pk": 37,
    "fields": {
      "action_time": "2023-12-04T13:55:54.422Z",
      "user": 1,
      "content_type": 10,
      "object_id": "21",
      "object_repr": " #21 - brooklyn-crust",
      "action_flag": 2,
      "change_message": "[{\"changed\": {\"fields\": [\"Stock\"]}}]"
    }
  },
  {
    "model": "admin.logentry",
    "pk": 38,
    "fields": {
      "action_time": "2023-12-04T13:55:58.313Z",
      "user": 1,
      "content_type": 10,
      "object_id": "20",
      "object_repr": " #20 - hand-tossed",
      "action_flag": 2,
      "change_message": "[{\"changed\": {\"fields\": [\"Stock\"]}}]"
    }
  },
  {
    "model": "admin.logentry",
    "pk": 39,
    "fields": {
      "action_time": "2023-12-04T13:56:02.158Z",
      "user": 1,
      "content_type": 10,
      "object_id": "19",
      "object_repr": " #19 - pan",
      "action_flag": 2,
      "change_message": "[{\"changed\": {\"fields\": [\"Stock\"]}}]"
    }
  },
  {
    "model": "admin.logentry",
    "pk": 40,
    "fields": {
      "action_time": "2023-12-04T13:56:05.339Z",
      "user": 1,
      "content_type": 10,
      "object_id": "18",
      "object_repr": " #18 - thin-crust",
      "action_flag": 2,
      "change_message": "[{\"changed\": {\"fields\": [\"Stock\"]}}]"
    }
  },
  {
    "model": "admin.logentry",
    "pk": 41,
    "fields": {
      "action_time": "2023-12-04T13:56:08.565Z",
      "user": 1,
      "content_type": 10,
      "object_id": "16",
      "object_repr": " #16 - large",
      "action_flag": 2,
      "change_message": "[{\"changed\": {\"fields\": [\"Stock\"]}}]"
    }
  },
  {
    "model": "admin.logentry",
    "pk": 42,
    "fields": {
      "action_time": "2023-12-04T13:56:15.623Z",
      "user": 1,
      "content_type": 10,
      "object_id": "15",
      "object_repr": " #15 - xlarge",
      "action_flag": 2,
      "change_message": "[{\"changed\": {\"fields\": [\"Stock\"]}}]"
    }
  },
  {
    "model": "admin.logentry",
    "pk": 43,
    "fields": {
      "action_time": "2023-12-04T13:56:19.367Z",
      "user": 1,
      "content_type": 10,
      "object_id": "14",
      "object_repr": " #14 - loaded-chicken",
      "action_flag": 2,
      "change_message": "[{\"changed\": {\"fields\": [\"Stock\"]}}]"
    }
  },
  {
    "model": "admin.logentry",
    "pk": 44,
    "fields": {
      "action_time": "2023-12-04T13:56:22.837Z",
      "user": 1,
      "content_type": 10,
      "object_id": "13",
      "object_repr": " #13 - jalapenos",
      "action_flag": 2,
      "change_message": "[{\"changed\": {\"fields\": [\"Stock\"]}}]"
    }
  },
  {
    "model": "admin.logentry",
    "pk": 45,
    "fields": {
      "action_time": "2023-12-04T13:56:26.253Z",
      "user": 1,
      "content_type": 10,
      "object_id": "11",
      "object_repr": " #11 - mushrooms",
      "action_flag": 2,
      "change_message": "[{\"changed\": {\"fields\": [\"Stock\"]}}]"
    }
  },
  {
    "model": "admin.logentry",
    "pk": 46,
    "fields": {
      "action_time": "2023-12-04T13:56:29.511Z",
      "user": 1,
      "content_type": 10,
      "object_id": "10",
      "object_repr": " #10 - beef",
      "action_flag": 2,
      "change_message": "[{\"changed\": {\"fields\": [\"Stock\"]}}]"
    }
  },
  {
    "model": "admin.logentry",
    "pk": 47,
    "fields": {
      "action_time": "2023-12-04T13:56:33.380Z",
      "user": 1,
      "content_type": 10,
      "object_id": "8",
      "object_repr": " #8 - coke",
      "action_flag": 2,
      "change_message": "[{\"changed\": {\"fields\": [\"Stock\"]}}]"
    }
  },
  {
    "model": "admin.logentry",
    "pk": 48,
    "fields": {
      "action_time": "2023-12-04T13:56:36.648Z",
      "user": 1,
      "content_type": 10,
      "object_id": "7",
      "object_repr": " #7 - sprite-500ml",
      "action_flag": 2,
      "change_message": "[{\"changed\": {\"fields\": [\"Stock\"]}}]"
    }
  },
  {
    "model": "admin.logentry",
    "pk": 49,
    "fields": {
      "action_time": "2023-12-04T14:39:05.085Z",
      "user": 1,
      "content_type": 10,
      "object_id": "9",
      "object_repr": " #9 - cheddar-pizza",
      "action_flag": 2,
      "change_message": "[{\"changed\": {\"fields\": [\"Stock\"]}}]"
    }
  },
  {
    "model": "admin.logentry",
    "pk": 50,
    "fields": {
      "action_time": "2023-12-04T14:39:11.350Z",
      "user": 1,
      "content_type": 10,
      "object_id": "10",
      "object_repr": " #10 - beef",
      "action_flag": 2,
      "change_message": "[{\"changed\": {\"fields\": [\"Stock\"]}}]"
    }
  },
  {
    "model": "admin.logentry",
    "pk": 51,
    "fields": {
      "action_time": "2023-12-04T14:39:18.713Z",
      "user": 1,
      "content_type": 10,
      "object_id": "11",
      "object_repr": " #11 - mushrooms",
      "action_flag": 2,
      "change_message": "[{\"changed\": {\"fields\": [\"Stock\"]}}]"
    }
  },
  {
    "model": "admin.logentry",
    "pk": 52,
    "fields": {
      "action_time": "2023-12-04T14:39:23.589Z",
      "user": 1,
      "content_type": 10,
      "object_id": "12",
      "object_repr": " #12 - pepperonis",
      "action_flag": 2,
      "change_message": "[{\"changed\": {\"fields\": [\"Stock\"]}}]"
    }
  },
  {
    "model": "admin.logentry",
    "pk": 53,
    "fields": {
      "action_time": "2023-12-04T14:39:28.963Z",
      "user": 1,
      "content_type": 10,
      "object_id": "13",
      "object_repr": " #13 - jalapenos",
      "action_flag": 2,
      "change_message": "[{\"changed\": {\"fields\": [\"Stock\"]}}]"
    }
  },
  {
    "model": "admin.logentry",
    "pk": 54,
    "fields": {
      "action_time": "2023-12-04T14:39:35.813Z",
      "user": 1,
      "content_type": 10,
      "object_id": "14",
      "object_repr": " #14 - loaded-chicken",
      "action_flag": 2,
      "change_message": "[{\"changed\": {\"fields\": [\"Stock\"]}}]"
    }
  },
  {
    "model": "admin.logentry",
    "pk": 55,
    "fields": {
      "action_time": "2023-12-04T14:39:38.951Z",
      "user": 1,
      "content_type": 10,
      "object_id": "15",
      "object_repr": " #15 - xlarge",
      "action_flag": 2,
      "change_message": "[{\"changed\": {\"fields\": [\"Stock\"]}}]"
    }
  },
  {
    "model": "admin.logentry",
    "pk": 56,
    "fields": {
      "action_time": "2023-12-04T14:39:42.436Z",
      "user": 1,
      "content_type": 10,
      "object_id": "16",
      "object_repr": " #16 - large",
      "action_flag": 2,
      "change_message": "[{\"changed\": {\"fields\": [\"Stock\"]}}]"
    }
  },
  {
    "model": "admin.logentry",
    "pk": 57,
    "fields": {
      "action_time": "2023-12-04T14:39:46.145Z",
      "user": 1,
      "content_type": 10,
      "object_id": "17",
      "object_repr": " #17 - small",
      "action_flag": 2,
      "change_message": "[{\"changed\": {\"fields\": [\"Stock\"]}}]"
    }
  },
  {
    "model": "admin.logentry",
    "pk": 58,
    "fields": {
      "action_time": "2023-12-04T14:39:49.329Z",
      "user": 1,
      "content_type": 10,
      "object_id": "18",
      "object_repr": " #18 - thin-crust",
      "action_flag": 2,
      "change_message": "[{\"changed\": {\"fields\": [\"Stock\"]}}]"
    }
  },
  {
    "model": "admin.logentry",
    "pk": 59,
    "fields": {
      "action_time": "2023-12-04T14:39:52.400Z",
      "user": 1,
      "content_type": 10,
      "object_id": "19",
      "object_repr": " #19 - pan",
      "action_flag": 2,
      "change_message": "[{\"changed\": {\"fields\": [\"Stock\"]}}]"
    }
  },
  {
    "model": "admin.logentry",
    "pk": 60,
    "fields": {
      "action_time": "2023-12-04T14:39:55.259Z",
      "user": 1,
      "content_type": 10,
      "object_id": "20",
      "object_repr": " #20 - hand-tossed",
      "action_flag": 2,
      "change_message": "[{\"changed\": {\"fields\": [\"Stock\"]}}]"
    }
  },
  {
    "model": "admin.logentry",
    "pk": 61,
    "fields": {
      "action_time": "2023-12-04T14:39:58.207Z",
      "user": 1,
      "content_type": 10,
      "object_id": "21",
      "object_repr": " #21 - brooklyn-crust",
      "action_flag": 2,
      "change_message": "[{\"changed\": {\"fields\": [\"Stock\"]}}]"
    }
  },
  {
    "model": "admin.logentry",
    "pk": 62,
    "fields": {
      "action_time": "2023-12-04T14:40:01.099Z",
      "user": 1,
      "content_type": 10,
      "object_id": "22",
      "object_repr": " #22 - lava-cake",
      "action_flag": 2,
      "change_message": "[{\"changed\": {\"fields\": [\"Stock\"]}}]"
    }
  },
  {
    "model": "admin.logentry",
    "pk": 63,
    "fields": {
      "action_time": "2023-12-04T21:34:17.045Z",
      "user": 1,
      "content_type": 10,
      "object_id": "23",
      "object_repr": " #23 - orange-juice",
      "action_flag": 1,
      "change_message": "[{\"added\": {}}]"
    }
  },
  {
    "model": "admin.logentry",
    "pk": 64,
    "fields": {
      "action_time": "2023-12-10T00:48:17.298Z",
      "user": 1,
      "content_type": 10,
      "object_id": "8",
      "object_repr": " #8 - coke",
      "action_flag": 2,
      "change_message": "[{\"changed\": {\"fields\": [\"Cover_image\"]}}]"
    }
  },
  {
    "model": "admin.logentry",
    "pk": 65,
    "fields": {
      "action_time": "2023-12-10T00:51:00.498Z",
      "user": 1,
      "content_type": 10,
      "object_id": "23",
      "object_repr": " #23 - orange-juice",
      "action_flag": 2,
      "change_message": "[{\"changed\": {\"fields\": [\"Cover_image\"]}}]"
    }
  },
  {
    "model": "admin.logentry",
    "pk": 66,
    "fields": {
      "action_time": "2023-12-10T07:44:44.172Z",
      "user": 1,
      "content_type": 10,
      "object_id": "21",
      "object_repr": " #21 - brooklyn-crust",
      "action_flag": 2,
      "change_message": "[{\"changed\": {\"fields\": [\"Cover_image\"]}}]"
    }
  },
  {
    "model": "auth.permission",
    "pk": 1,
    "fields": {
      "name": "Can add log entry",
      "content_type": 1,
      "codename": "add_logentry"
    }
  },
  {
    "model": "auth.permission",
    "pk": 2,
    "fields": {
      "name": "Can change log entry",
      "content_type": 1,
      "codename": "change_logentry"
    }
  },
  {
    "model": "auth.permission",
    "pk": 3,
    "fields": {
      "name": "Can delete log entry",
      "content_type": 1,
      "codename": "delete_logentry"
    }
  },
  {
    "model": "auth.permission",
    "pk": 4,
    "fields": {
      "name": "Can view log entry",
      "content_type": 1,
      "codename": "view_logentry"
    }
  },
  {
    "model": "auth.permission",
    "pk": 5,
    "fields": {
      "name": "Can add permission",
      "content_type": 2,
      "codename": "add_permission"
    }
  },
  {
    "model": "auth.permission",
    "pk": 6,
    "fields": {
      "name": "Can change permission",
      "content_type": 2,
      "codename": "change_permission"
    }
  },
  {
    "model": "auth.permission",
    "pk": 7,
    "fields": {
      "name": "Can delete permission",
      "content_type": 2,
      "codename": "delete_permission"
    }
  },
  {
    "model": "auth.permission",
    "pk": 8,
    "fields": {
      "name": "Can view permission",
      "content_type": 2,
      "codename": "view_permission"
    }
  },
  {
    "model": "auth.permission",
    "pk": 9,
    "fields": {
      "name": "Can add group",
      "content_type": 3,
      "codename": "add_group"
    }
  },
  {
    "model": "auth.permission",
    "pk": 10,
    "fields": {
      "name": "Can change group",
      "content_type": 3,
      "codename": "change_group"
    }
  },
  {
    "model": "auth.permission",
    "pk": 11,
    "fields": {
      "name": "Can delete group",
      "content_type": 3,
      "codename": "delete_group"
    }
  },
  {
    "model": "auth.permission",
    "pk": 12,
    "fields": {
      "name": "Can view group",
      "content_type": 3,
      "codename": "view_group"
    }
  },
  {
    "model": "auth.permission",
    "pk": 13,
    "fields": {
      "name": "Can add content type",
      "content_type": 4,
      "codename": "add_contenttype"
    }
  },
  {
    "model": "auth.permission",
    "pk": 14,
    "fields": {
      "name": "Can change content type",
      "content_type": 4,
      "codename": "change_contenttype"
    }
  },
  {
    "model": "auth.permission",
    "pk": 15,
    "fields": {
      "name": "Can delete content type",
      "content_type": 4,
      "codename": "delete_contenttype"
    }
  },
  {
    "model": "auth.permission",
    "pk": 16,
    "fields": {
      "name": "Can view content type",
      "content_type": 4,
      "codename": "view_contenttype"
    }
  },
  {
    "model": "auth.permission",
    "pk": 17,
    "fields": {
      "name": "Can add session",
      "content_type": 5,
      "codename": "add_session"
    }
  },
  {
    "model": "auth.permission",
    "pk": 18,
    "fields": {
      "name": "Can change session",
      "content_type": 5,
      "codename": "change_session"
    }
  },
  {
    "model": "auth.permission",
    "pk": 19,
    "fields": {
      "name": "Can delete session",
      "content_type": 5,
      "codename": "delete_session"
    }
  },
  {
    "model": "auth.permission",
    "pk": 20,
    "fields": {
      "name": "Can view session",
      "content_type": 5,
      "codename": "view_session"
    }
  },
  {
    "model": "auth.permission",
    "pk": 21,
    "fields": {
      "name": "Can add user",
      "content_type": 6,
      "codename": "add_user"
    }
  },
  {
    "model": "auth.permission",
    "pk": 22,
    "fields": {
      "name": "Can change user",
      "content_type": 6,
      "codename": "change_user"
    }
  },
  {
    "model": "auth.permission",
    "pk": 23,
    "fields": {
      "name": "Can delete user",
      "content_type": 6,
      "codename": "delete_user"
    }
  },
  {
    "model": "auth.permission",
    "pk": 24,
    "fields": {
      "name": "Can view user",
      "content_type": 6,
      "codename": "view_user"
    }
  },
  {
    "model": "auth.permission",
    "pk": 25,
    "fields": {
      "name": "Can add profile",
      "content_type": 7,
      "codename": "add_profile"
    }
  },
  {
    "model": "auth.permission",
    "pk": 26,
    "fields": {
      "name": "Can change profile",
      "content_type": 7,
      "codename": "change_profile"
    }
  },
  {
    "model": "auth.permission",
    "pk": 27,
    "fields": {
      "name": "Can delete profile",
      "content_type": 7,
      "codename": "delete_profile"
    }
  },
  {
    "model": "auth.permission",
    "pk": 28,
    "fields": {
      "name": "Can view profile",
      "content_type": 7,
      "codename": "view_profile"
    }
  },
  {
    "model": "auth.permission",
    "pk": 29,
    "fields": {
      "name": "Can add Token",
      "content_type": 8,
      "codename": "add_token"
    }
  },
  {
    "model": "auth.permission",
    "pk": 30,
    "fields": {
      "name": "Can change Token",
      "content_type": 8,
      "codename": "change_token"
    }
  },
  {
    "model": "auth.permission",
    "pk": 31,
    "fields": {
      "name": "Can delete Token",
      "content_type": 8,
      "codename": "delete_token"
    }
  },
  {
    "model": "auth.permission",
    "pk": 32,
    "fields": {
      "name": "Can view Token",
      "content_type": 8,
      "codename": "view_token"
    }
  },
  {
    "model": "auth.permission",
    "pk": 33,
    "fields": {
      "name": "Can add token",
      "content_type": 9,
      "codename": "add_tokenproxy"
    }
  },
  {
    "model": "auth.permission",
    "pk": 34,
    "fields": {
      "name": "Can change token",
      "content_type": 9,
      "codename": "change_tokenproxy"
    }
  },
  {
    "model": "auth.permission",
    "pk": 35,
    "fields": {
      "name": "Can delete token",
      "content_type": 9,
      "codename": "delete_tokenproxy"
    }
  },
  {
    "model": "auth.permission",
    "pk": 36,
    "fields": {
      "name": "Can view token",
      "content_type": 9,
      "codename": "view_tokenproxy"
    }
  },
  {
    "model": "auth.permission",
    "pk": 37,
    "fields": {
      "name": "Can add product",
      "content_type": 10,
      "codename": "add_product"
    }
  },
  {
    "model": "auth.permission",
    "pk": 38,
    "fields": {
      "name": "Can change product",
      "content_type": 10,
      "codename": "change_product"
    }
  },
  {
    "model": "auth.permission",
    "pk": 39,
    "fields": {
      "name": "Can delete product",
      "content_type": 10,
      "codename": "delete_product"
    }
  },
  {
    "model": "auth.permission",
    "pk": 40,
    "fields": {
      "name": "Can view product",
      "content_type": 10,
      "codename": "view_product"
    }
  },
  {
    "model": "auth.permission",
    "pk": 41,
    "fields": {
      "name": "Can add tag",
      "content_type": 11,
      "codename": "add_tag"
    }
  },
  {
    "model": "auth.permission",
    "pk": 42,
    "fields": {
      "name": "Can change tag",
      "content_type": 11,
      "codename": "change_tag"
    }
  },
  {
    "model": "auth.permission",
    "pk": 43,
    "fields": {
      "name": "Can delete tag",
      "content_type": 11,
      "codename": "delete_tag"
    }
  },
  {
    "model": "auth.permission",
    "pk": 44,
    "fields": {
      "name": "Can view tag",
      "content_type": 11,
      "codename": "view_tag"
    }
  },
  {
    "model": "auth.permission",
    "pk": 45,
    "fields": {
      "name": "Can add tagged item",
      "content_type": 12,
      "codename": "add_taggeditem"
    }
  },
  {
    "model": "auth.permission",
    "pk": 46,
    "fields": {
      "name": "Can change tagged item",
      "content_type": 12,
      "codename": "change_taggeditem"
    }
  },
  {
    "model": "auth.permission",
    "pk": 47,
    "fields": {
      "name": "Can delete tagged item",
      "content_type": 12,
      "codename": "delete_taggeditem"
    }
  },
  {
    "model": "auth.permission",
    "pk": 48,
    "fields": {
      "name": "Can view tagged item",
      "content_type": 12,
      "codename": "view_taggeditem"
    }
  },
  {
    "model": "auth.permission",
    "pk": 49,
    "fields": {
      "name": "Can add order",
      "content_type": 13,
      "codename": "add_order"
    }
  },
  {
    "model": "auth.permission",
    "pk": 50,
    "fields": {
      "name": "Can change order",
      "content_type": 13,
      "codename": "change_order"
    }
  },
  {
    "model": "auth.permission",
    "pk": 51,
    "fields": {
      "name": "Can delete order",
      "content_type": 13,
      "codename": "delete_order"
    }
  },
  {
    "model": "auth.permission",
    "pk": 52,
    "fields": {
      "name": "Can view order",
      "content_type": 13,
      "codename": "view_order"
    }
  },
  {
    "model": "auth.permission",
    "pk": 53,
    "fields": {
      "name": "Can add address",
      "content_type": 14,
      "codename": "add_address"
    }
  },
  {
    "model": "auth.permission",
    "pk": 54,
    "fields": {
      "name": "Can change address",
      "content_type": 14,
      "codename": "change_address"
    }
  },
  {
    "model": "auth.permission",
    "pk": 55,
    "fields": {
      "name": "Can delete address",
      "content_type": 14,
      "codename": "delete_address"
    }
  },
  {
    "model": "auth.permission",
    "pk": 56,
    "fields": {
      "name": "Can view address",
      "content_type": 14,
      "codename": "view_address"
    }
  },
  {
    "model": "auth.permission",
    "pk": 57,
    "fields": {
      "name": "Can add order item",
      "content_type": 15,
      "codename": "add_orderitem"
    }
  },
  {
    "model": "auth.permission",
    "pk": 58,
    "fields": {
      "name": "Can change order item",
      "content_type": 15,
      "codename": "change_orderitem"
    }
  },
  {
    "model": "auth.permission",
    "pk": 59,
    "fields": {
      "name": "Can delete order item",
      "content_type": 15,
      "codename": "delete_orderitem"
    }
  },
  {
    "model": "auth.permission",
    "pk": 60,
    "fields": {
      "name": "Can view order item",
      "content_type": 15,
      "codename": "view_orderitem"
    }
  },
  {
    "model": "auth.permission",
    "pk": 61,
    "fields": {
      "name": "Can add coupon",
      "content_type": 16,
      "codename": "add_coupon"
    }
  },
  {
    "model": "auth.permission",
    "pk": 62,
    "fields": {
      "name": "Can change coupon",
      "content_type": 16,
      "codename": "change_coupon"
    }
  },
  {
    "model": "auth.permission",
    "pk": 63,
    "fields": {
      "name": "Can delete coupon",
      "content_type": 16,
      "codename": "delete_coupon"
    }
  },
  {
    "model": "auth.permission",
    "pk": 64,
    "fields": {
      "name": "Can view coupon",
      "content_type": 16,
      "codename": "view_coupon"
    }
  },
  {
    "model": "auth.permission",
    "pk": 65,
    "fields": {
      "name": "Can add payment log",
      "content_type": 17,
      "codename": "add_paymentlog"
    }
  },
  {
    "model": "auth.permission",
    "pk": 66,
    "fields": {
      "name": "Can change payment log",
      "content_type": 17,
      "codename": "change_paymentlog"
    }
  },
  {
    "model": "auth.permission",
    "pk": 67,
    "fields": {
      "name": "Can delete payment log",
      "content_type": 17,
      "codename": "delete_paymentlog"
    }
  },
  {
    "model": "auth.permission",
    "pk": 68,
    "fields": {
      "name": "Can view payment log",
      "content_type": 17,
      "codename": "view_paymentlog"
    }
  },
  {
    "model": "auth.permission",
    "pk": 69,
    "fields": {
      "name": "Can add user vault",
      "content_type": 18,
      "codename": "add_uservault"
    }
  },
  {
    "model": "auth.permission",
    "pk": 70,
    "fields": {
      "name": "Can change user vault",
      "content_type": 18,
      "codename": "change_uservault"
    }
  },
  {
    "model": "auth.permission",
    "pk": 71,
    "fields": {
      "name": "Can delete user vault",
      "content_type": 18,
      "codename": "delete_uservault"
    }
  },
  {
    "model": "auth.permission",
    "pk": 72,
    "fields": {
      "name": "Can view user vault",
      "content_type": 18,
      "codename": "view_uservault"
    }
  },
  {
    "model": "contenttypes.contenttype",
    "pk": 1,
    "fields": {
      "app_label": "admin",
      "model": "logentry"
    }
  },
  {
    "model": "contenttypes.contenttype",
    "pk": 2,
    "fields": {
      "app_label": "auth",
      "model": "permission"
    }
  },
  {
    "model": "contenttypes.contenttype",
    "pk": 3,
    "fields": {
      "app_label": "auth",
      "model": "group"
    }
  },
  {
    "model": "contenttypes.contenttype",
    "pk": 4,
    "fields": {
      "app_label": "contenttypes",
      "model": "contenttype"
    }
  },
  {
    "model": "contenttypes.contenttype",
    "pk": 5,
    "fields": {
      "app_label": "sessions",
      "model": "session"
    }
  },
  {
    "model": "contenttypes.contenttype",
    "pk": 6,
    "fields": {
      "app_label": "accounts",
      "model": "user"
    }
  },
  {
    "model": "contenttypes.contenttype",
    "pk": 7,
    "fields": {
      "app_label": "accounts",
      "model": "profile"
    }
  },
  {
    "model": "contenttypes.contenttype",
    "pk": 8,
    "fields": {
      "app_label": "authtoken",
      "model": "token"
    }
  },
  {
    "model": "contenttypes.contenttype",
    "pk": 9,
    "fields": {
      "app_label": "authtoken",
      "model": "tokenproxy"
    }
  },
  {
    "model": "contenttypes.contenttype",
    "pk": 10,
    "fields": {
      "app_label": "shop",
      "model": "product"
    }
  },
  {
    "model": "contenttypes.contenttype",
    "pk": 11,
    "fields": {
      "app_label": "taggit",
      "model": "tag"
    }
  },
  {
    "model": "contenttypes.contenttype",
    "pk": 12,
    "fields": {
      "app_label": "taggit",
      "model": "taggeditem"
    }
  },
  {
    "model": "contenttypes.contenttype",
    "pk": 13,
    "fields": {
      "app_label": "shop",
      "model": "order"
    }
  },
  {
    "model": "contenttypes.contenttype",
    "pk": 14,
    "fields": {
      "app_label": "shop",
      "model": "address"
    }
  },
  {
    "model": "contenttypes.contenttype",
    "pk": 15,
    "fields": {
      "app_label": "shop",
      "model": "orderitem"
    }
  },
  {
    "model": "contenttypes.contenttype",
    "pk": 16,
    "fields": {
      "app_label": "shop",
      "model": "coupon"
    }
  },
  {
    "model": "contenttypes.contenttype",
    "pk": 17,
    "fields": {
      "app_label": "shop",
      "model": "paymentlog"
    }
  },
  {
    "model": "contenttypes.contenttype",
    "pk": 18,
    "fields": {
      "app_label": "shop",
      "model": "uservault"
    }
  },
  {
    "model": "sessions.session",
    "pk": "0vh2up93zh3l0i080d8oh2ay51cslfmx",
    "fields": {
      "session_data": "eyJjYXJ0Ijp7fX0:1rA8np:crcwcpXRMNVbwvyIAj48kZKwX2LoL8UHTIvJB6wEK5c",
      "expire_date": "2023-12-18T13:16:01.377Z"
    }
  },
  {
    "model": "sessions.session",
    "pk": "14aamldlmwtgfbtj9q3rpdgevhlz2sg6",
    "fields": {
      "session_data": ".eJyrVkpOLCpRsqpWMgMRhaWJeSWZJZVKVoY6SgVFmcmpSlZKhiZ6lpZKtTpKhnjUQJUYGeJUYqRnaqFUW1sLAMm1IgM:1rA95X:Q68MivAZRTlTiy5-04lwJ3wisUKshihYgPAZowVgmK4",
      "expire_date": "2023-12-18T13:34:19.667Z"
    }
  },
  {
    "model": "sessions.session",
    "pk": "1g1nunkzj6nkvhfq0zf5udaze3ospfbk",
    "fields": {
      "session_data": "eyJjYXJ0Ijp7fX0:1rBrIz:qc9d9Uv8nBhbkoD2kVqSvPRWH2r_HUX-axjsFxekZNs",
      "expire_date": "2023-12-23T06:59:17.232Z"
    }
  },
  {
    "model": "sessions.session",
    "pk": "1mlulclymfch1hhd52hbut90i19bmxfu",
    "fields": {
      "session_data": ".eJyrVkpOLCpRsqpWMgMRhaWJeSWZJZVKVoY6SgVFmcmpSlZKhiZ6lpZKtTpKhnjUQJUYGeJUYqRnagE2xQSnEnM9C6AptbUAGFosDw:1rA97C:resXn7yz_iHm0eLwpEt4Ocpeoc8CDjYsq_cZyg6TPQk",
      "expire_date": "2023-12-18T13:36:02.592Z"
    }
  },
  {
    "model": "sessions.session",
    "pk": "1pe5ny3sbttfvdj5funo4kq8kkbufnrf",
    "fields": {
      "session_data": "eyJjYXJ0Ijp7fSwib3JkZXJfaWQiOjE4fQ:1rADox:yTcsNbkthJBV7BB6TsrV4RK9yTrdYwKiynuwQ4G86uo",
      "expire_date": "2023-12-18T18:37:31.883Z"
    }
  },
  {
    "model": "sessions.session",
    "pk": "1u7fb8vhc0ixih8sie7jz2okc9bopvtw",
    "fields": {
      "session_data": "eyJjYXJ0Ijp7fX0:1rA8u9:txuUxjEuFpggwSz77TJmhs_s_e35hDKBUnjYewE9s1M",
      "expire_date": "2023-12-18T13:22:33.328Z"
    }
  },
  {
    "model": "sessions.session",
    "pk": "28rsyzynzks6cgoog0e4htmyzkynsz9b",
    "fields": {
      "session_data": ".eJxVjEEOwiAUBe_C2jRAKfS70zu4bh7wCY2RJkJXxrtLExe6nZn3XmLB3vKyV34uaxRnocTpl3mEO5dDIIRtL60Oh-TS1oC2bmW49azgwZeOr9_67yKj5r6PUo3sDc_KgZ31lJQCJZDRGJ0PiPAmkUOSgaSx00yJpllbGXXqjXh_AMhYOas:1rCETb:UgSSll2H2MkBqDagO2zOZnyWxW6SM_Bfnnh65Mxp20Q",
      "expire_date": "2023-12-24T07:43:47.027Z"
    }
  },
  {
    "model": "sessions.session",
    "pk": "29219rbgcxp7utxu4gb4b19lg8ob6pwf",
    "fields": {
      "session_data": ".eJyrVkpOLCpRsqpWMgMRhaWJeSWZJZVKVoY6SgVFmcmpSlZKhiZ6lpZKtTpKhqY41RhBlRgZ4lFiagE2xQi3TXoWEItwm2IItqi2FgDEbTYL:1rA8dt:uRGxAaIj4XDQPRNHW4pw1tarJmFJ3iSRrrLmVEV-ZSI",
      "expire_date": "2023-12-18T13:05:45.627Z"
    }
  },
  {
    "model": "sessions.session",
    "pk": "2xv6nhkdvtvje8ryk752gj0ulgp233fq",
    "fields": {
      "session_data": "eyJjYXJ0Ijp7IjEwIjp7InF1YW50aXR5IjoxLCJwcmljZSI6IjIuOTkifX19:1rA8qj:nTnVbrqCyYXfSNez8nLXF7rL2ZKfnykg_Lcb-VEILDM",
      "expire_date": "2023-12-18T13:19:01.730Z"
    }
  },
  {
    "model": "sessions.session",
    "pk": "2z67d42fcr9a028lje8xynt1rnx5mvik",
    "fields": {
      "session_data": ".eJyN0M9vgyAUB_B_pXlnf2GnqV532Zpl6aGHHZYYgtTRITCEZWvj_z40ztpMs14MfJ_A570zEKwN5GdIu8-HxcIw8w058kBpRqhb3QVZ1u1kaUn_KyshTz1ouK0gB8VOJ-wrqhTVUjDwQODanYNdV1jtJgUiP6kuWI2rrh7WtGQ4tIpLXDbh8IBb_J4o-quDo6rc2cZI8u40UTTKoKdB64GRBvNiCnYhSpZaiuc6QsnY0hfH2hHHTl6ehv1VA8JyPnVNZfEcLB5cm8VRB2jGtRld5o0Jn2jbmItt77LV_ZDdNuD9w-NzoMT1VK_m6hx_x-rCTr9e1icz-vWoP2KOFRWyueC3ffRqo-iA-vy2BrY--sefzPmTrHWh1GX3hLPFafsD6in0Yg:1rAGK0:Vb5G1lUzkoB96HJE-O31sQVxmI4iqymeCVeWRDiqwO4",
      "expire_date": "2023-12-18T21:17:44.851Z"
    }
  },
  {
    "model": "sessions.session",
    "pk": "3xd6ful7pjrnzrz04p62w9pebv0hg3dg",
    "fields": {
      "session_data": ".eJyrVkpOLCpRsqpWMgMRhaWJeSWZJZVKVoY6SgVFmcmpSlZKhiZ6lpZKtTpKhnjUQJUYGeJUYqRnaqFUW1sLAMm1IgM:1rA8jy:h6kMyKnXJIjpkGgSdvPBPrqkholAvWG4vWMXwqTM5Zs",
      "expire_date": "2023-12-18T13:12:02.267Z"
    }
  },
  {
    "model": "sessions.session",
    "pk": "3xwsvqplgecgncehrl3q587luz9kjss3",
    "fields": {
      "session_data": ".eJxVjDEOAiEQRe9CbTaAyDp27h2sycwwBGJkE2Er491lEwtt33v_v1TAreewNXmGEtVFGXX4ZYR8l7oLZF632tu0S6m9MPay1uk2sooPuQ68fOu_i4wtjz0wgpVTFCIwHtEkb4Gis-eZZ_QQySYhLU6TSRY8AB_RoR6NDKPV-wPYNDpm:1rAEjJ:pvYQ3eZ680mMZxL8Lvf3lLrnqfnekBg70ucgCeKSKfw",
      "expire_date": "2023-12-18T19:35:45.118Z"
    }
  },
  {
    "model": "sessions.session",
    "pk": "40y9s1rf60zsuaaia8lne02hnmzitgmy",
    "fields": {
      "session_data": ".eJyrVkpOLCpRsqpWMgMRhaWJeSWZJZVKVoY6SgVFmcmpSlZKhiZ6lpZKtTpKhnjUQJUYGeJUYqRnaqFUW1sLAMm1IgM:1rA96y:YFYGOEYBdl9ttV1KLhCwas3uZbHPW1k9LbVJ_3drqWY",
      "expire_date": "2023-12-18T13:35:48.968Z"
    }
  },
  {
    "model": "sessions.session",
    "pk": "44a3caolkyaxtabwsubwu36tk0v3hxtm",
    "fields": {
      "session_data": ".eJyVlEFPgzAUx7-KeWfGgMkyuOlxcYajBxNSoZudpa1AjW7Zd7etEzpXJrsQ3r-0_b1fXthDgeoW0j3M9eNdItaS9gvS0ANRkwKrt1s_SXTFS1mYT0kJ6dyDhsoNpCDIbocmAguBa84IeMBQpfZBphduMmuh4B-4zkmFNnp9WuGSoKkUlKOymR4vUC-_O3JztL8VG7W3aXnxpmiCoCMDgwYHD1reIprbwCoM46GWIldHYdy19ElRrRC7Tp4ejvVJA0xS6uaKXFjRkSoZFO0vHFRJLxoxS64pxgnN7h59wU4l2hbVvecSVahpZ8O0sYN21tFuEUUCM970zEsTPcsgWIcmH4e_nIRn-DZ97KKPDX10neuod_07gxZ-ZmcjzU-iP-gjtQfXjW7Qgb9gvO6R73-qcbAVYQXO9QEXdF8c7XBYt4s67Kgr2bzWnFeW7ZUVjeNf_TMnrl-FBlchr0t9gYJaHL4Bth2deA:1rAA3F:IfMDIeSB-HvuhwKxaFP8nkKR7ViSs-lPFhQ4nCjRd-o",
      "expire_date": "2023-12-18T14:36:01.212Z"
    }
  },
  {
    "model": "sessions.session",
    "pk": "45lstxea7p141scq92r2b5libdedvm1r",
    "fields": {
      "session_data": "eyJjYXJ0Ijp7fX0:1rA8sP:ZbX0hlnrZwEX2LN0NGKyeWOundW19dzDEZlUdpenzts",
      "expire_date": "2023-12-18T13:20:45.265Z"
    }
  },
  {
    "model": "sessions.session",
    "pk": "45w3jtr72ygudsvxi88jpbueba55zc7j",
    "fields": {
      "session_data": ".eJyrVkpOLCpRsqpWMgMRhaWJeSWZJZVKVoY6SgVFmcmpSlZKhiZ6lpZKtTpKhqY41RjBlFjgNkbPEKLEGI8SU6CS2loAGNIsBw:1rAGHB:h23pK5yNWRUEPcnRQIPyr2qIhBzeDnXr8tupnbdD4AM",
      "expire_date": "2023-12-18T21:14:49.851Z"
    }
  },
  {
    "model": "sessions.session",
    "pk": "4nmiajyp2aka7i4bvbgat5eok7xttwrh",
    "fields": {
      "session_data": ".eJyV1E1vgjAYB_CvsvQMSFEccNt2M3PhuMMS0kF1VWg7XpZN43dfWxHqLMouhueppb_nn-oepKisQbQHc_nx2SBak_oHRJ4FeElSDCI4c8JQVixrUvVVkoFoboEqb9YgApzsdsjmmHNcMkqABSgqxD4Qy4W7WFtI2RcuE1KgtVyfFDgjaNLwnKGsmrQHiIfTjkS92tnwtdhb1SzdCo3rdjKgaOBggZrVKE_athc6YSCa0B8ayTNNBP1upO8clYLYTfL63NZnA9Amz80uz8TyW1U4GLQTGFRhHzSiWriqGBdo_PDicHoeop6iOPdCO3XulXY6rPUN2mmn3aAccUxZ1ZsXqvXWuO4Kqv44_sKGF3xd75v0UOm9cz28kbXXZ326gxo_1nsjk7e9P_QbscumhLtDcPPVdTv4O8arnvx4rMZhC0JTnMgXXInbeLVlU6rhcNwmNezURVN9lIwVWtpLrTXOv7xxTwxweIQH_0o76Ngp22r_Ek_Hahw24ztbbr_2wxzOWjRZmcljhGd2-AWBZNYw:1rA9vD:_C5hW_PP7Kfz5SRifU9TwrtDCreCPOU3NflTFFzo0TI",
      "expire_date": "2023-12-18T14:27:43.143Z"
    }
  },
  {
    "model": "sessions.session",
    "pk": "4ogfunq5a8x5y80xtkfl65563p0iwmfn",
    "fields": {
      "session_data": ".eJyrVkpOLCpRsqpWMgMRhaWJeSWZJZVKVoY6SgVFmcmpSlZKhiZ6lpZKtTpKhnjUQJUYGeJUYqRnaqFUW1sLAMm1IgM:1rA95A:xGSeUa8CpSoppCPBhQ9jDqMw3-PDsMTpYYm7_FZkAg8",
      "expire_date": "2023-12-18T13:33:56.498Z"
    }
  },
  {
    "model": "sessions.session",
    "pk": "51n4ynlokinw9owrkdjvcj7i7rc5oxm7",
    "fields": {
      "session_data": "eyJjYXJ0Ijp7fX0:1rBrIz:qc9d9Uv8nBhbkoD2kVqSvPRWH2r_HUX-axjsFxekZNs",
      "expire_date": "2023-12-23T06:59:17.311Z"
    }
  },
  {
    "model": "sessions.session",
    "pk": "5o5irpmv9kv4x7ujdd1lt33r6ezy0flx",
    "fields": {
      "session_data": "eyJjYXJ0Ijp7fX0:1rA8s3:m_-eC0h9qZY1_kZtwIZ2OK8esqecO-3LKTJejhkaMhk",
      "expire_date": "2023-12-18T13:20:23.283Z"
    }
  },
  {
    "model": "sessions.session",
    "pk": "5v61kw7td3k0dtr2xs5986ym8lke5o4g",
    "fields": {
      "session_data": "eyJjYXJ0Ijp7fX0:1rA8ri:0URWrEhrJ3anut17jkTP6tNBN5cvQxXRjnTKfVZ8HaY",
      "expire_date": "2023-12-18T13:20:02.858Z"
    }
  },
  {
    "model": "sessions.session",
    "pk": "6avlesc9lrv36wmt4yvkpc0xb15z4s29",
    "fields": {
      "session_data": "eyJjYXJ0Ijp7fX0:1rBrDX:5CBPTy6mwKh_fqViF5ohgLY7sGQoYLDff99DNu3ndr4",
      "expire_date": "2023-12-23T06:53:39.437Z"
    }
  },
  {
    "model": "sessions.session",
    "pk": "6ie74mkpjktj6556z6txqu0jq84t011m",
    "fields": {
      "session_data": "eyJjYXJ0Ijp7fSwib3JkZXJfaWQiOjUxfQ:1rBrrA:iUDCuJVze57YI3MsBf4TjI7XJx1v2ylzP5gRWln2r4c",
      "expire_date": "2023-12-23T07:34:36.313Z"
    }
  },
  {
    "model": "sessions.session",
    "pk": "6v27miih0pmlvjpmumm1gs4r0vw0lrif",
    "fields": {
      "session_data": "eyJjYXJ0Ijp7fSwib3JkZXJfaWQiOjUwfQ:1rBrCz:y23Ljy6WTF1wl5vqmZeeDja-HQ1Ik7iNja4ZZpVvxoc",
      "expire_date": "2023-12-23T06:53:05.377Z"
    }
  },
  {
    "model": "sessions.session",
    "pk": "7ckkz89smwrvc4zy7ifhc8emncw0c2vm",
    "fields": {
      "session_data": "eyJjYXJ0Ijp7fX0:1rA8u4:XAsyHm4hLkGcIARA4xDmRwDslSlXpRF3hqFALTuXW8s",
      "expire_date": "2023-12-18T13:22:28.527Z"
    }
  },
  {
    "model": "sessions.session",
    "pk": "7dxcfe7vs6gwz4684eborj6nlwsisf2h",
    "fields": {
      "session_data": "eyJjYXJ0Ijp7fX0:1rA8pt:GhMhXL4sWRo0zdUIBhYpe5pqH-Pw9kbLU826DRYi8vo",
      "expire_date": "2023-12-18T13:18:09.608Z"
    }
  },
  {
    "model": "sessions.session",
    "pk": "7u9ba7usdy0u0ykplxtbespj74oronsj",
    "fields": {
      "session_data": "eyJjYXJ0Ijp7fX0:1rA8eP:Xjgl9g7sO1nNzlcR-nY_v0-8B1YNEBkEL8Z8ZRSWu0c",
      "expire_date": "2023-12-18T13:06:17.678Z"
    }
  },
  {
    "model": "sessions.session",
    "pk": "7zmzx83qc35ozpwwhd6xisohxxhv930v",
    "fields": {
      "session_data": "eyJjYXJ0Ijp7fSwib3JkZXJfaWQiOjI1fQ:1rAGJJ:2h0lZe86f18t0EY0Q4U_hyvqd5JKAhwpWUIjSqHiyvM",
      "expire_date": "2023-12-18T21:17:01.151Z"
    }
  },
  {
    "model": "sessions.session",
    "pk": "88j3dq65fcrnlgkl8132p5q15tlnd5st",
    "fields": {
      "session_data": "eyJjYXJ0Ijp7fX0:1rA8jy:Q700kcriESUTAgb9KajPqsqM9jsK6wQiJCcf0Cbxzog",
      "expire_date": "2023-12-18T13:12:02.278Z"
    }
  },
  {
    "model": "sessions.session",
    "pk": "8eqdcd0bvpdwjh31opfii4b8j8g99bcc",
    "fields": {
      "session_data": ".eJyrVkpOLCpRsqpWMgMRhaWJeSWZJZVKVoY6SgVFmcmpSlZKhiZ6lpZKtTpKhnjUQJUYGeJUYqRnaqFUW1sLAMm1IgM:1rA8u9:PSkCjApypEvlEKYTPJwqV0SEo-_EN92RMrxBKLRddlo",
      "expire_date": "2023-12-18T13:22:33.318Z"
    }
  },
  {
    "model": "sessions.session",
    "pk": "9699bbi6wwwr1xiw4pd8yk0i704f2e2i",
    "fields": {
      "session_data": "eyJjYXJ0Ijp7IjgiOnsicXVhbnRpdHkiOjEsInByaWNlIjoiMi45OSJ9fX0:1rAGId:OGwpE-uL5q2isLSiFeobiAQm8ep65z-xrJUCicF6Wbg",
      "expire_date": "2023-12-18T21:16:19.352Z"
    }
  },
  {
    "model": "sessions.session",
    "pk": "9r24vzwjdntj61phitipxxreeildsf13",
    "fields": {
      "session_data": ".eJyrVkpOLCpRsqpWsgQRhaWJeSWZJZVKVoY6SgVFmcmpSlZKhgZ6lpZKtTpKhma41UCVGBniVGKkZ2oBNsUEpxJzPQugKbW1ABg6LA4:1rBrDX:C9DtxJv-oL6t6YF9OGjCkdKK0DvaTLgJO1cxmhtqo8c",
      "expire_date": "2023-12-23T06:53:39.413Z"
    }
  },
  {
    "model": "sessions.session",
    "pk": "9vsf6tbutw06m8by3c0ok24q82ts3ldz",
    "fields": {
      "session_data": ".eJyrVkpOLCpRsqpWMgMRhaWJeSWZJZVKVoY6SgVFmcmpSlZKhiZ6lpZKtTpKhnjUQJUYGeJUYqRnaqFUW1sLAMm1IgM:1rA8lm:oZXeB8QikYUOHq7XXJ7bcaFD2ZnZ1z-6B-_TeazsY04",
      "expire_date": "2023-12-18T13:13:54.306Z"
    }
  },
  {
    "model": "sessions.session",
    "pk": "apdmxk7lhlm322ugsdhsjyh061e4f3lb",
    "fields": {
      "session_data": "eyJjYXJ0Ijp7fX0:1rA95A:Pb8WClkvx7Iwh6YewnonQd26kn2E51qdvsoUKSxJAD4",
      "expire_date": "2023-12-18T13:33:56.508Z"
    }
  },
  {
    "model": "sessions.session",
    "pk": "biqa5n6ouxkge5c8z6wrkgys0zcrek9i",
    "fields": {
      "session_data": "eyJjYXJ0Ijp7fX0:1rA8f8:Fapa-t8bIqyTbos9wa40TVY8S1b3M--1MTEx5t5q0Tk",
      "expire_date": "2023-12-18T13:07:02.501Z"
    }
  },
  {
    "model": "sessions.session",
    "pk": "bmx2paz4wemcvt1eqnmzf0o3egzl8wqf",
    "fields": {
      "session_data": "eyJjYXJ0Ijp7fSwib3JkZXJfaWQiOjIyfQ:1rAGHB:BTxc70G0MnjVZviiIQq57_6x1mwHZW1_GKFtkVcknKQ",
      "expire_date": "2023-12-18T21:14:49.865Z"
    }
  },
  {
    "model": "sessions.session",
    "pk": "bscl5kd2m7n1bkk57jkm2g8w7b3zvztm",
    "fields": {
      "session_data": ".eJyrVkpOLCpRsqpWMgMRhaWJeSWZJZVKVoY6SgVFmcmpSlZKhiZ6lpZKtTpKhnjUQJUYGeJUYqRnaqFUW1sLAMm1IgM:1rA94r:5KkeAa55xwpeiE-0KDWnfF5CmontakhUDBOnluHLQkI",
      "expire_date": "2023-12-18T13:33:37.613Z"
    }
  },
  {
    "model": "sessions.session",
    "pk": "bt1j6cubx06keor3dn8c0azraqjnmuen",
    "fields": {
      "session_data": ".eJyrVkpOLCpRsqpWMgMRhaWJeSWZJZVKVoY6SgVFmcmpSlZKhiZ6lpZKtTpKhnjUQJUYGeJUYqRnaqFUW1sLAMm1IgM:1rA8u4:zCjGUpIoccCRnuqnLsImhuTQFcGWK0tOqk3eSFdN1Ew",
      "expire_date": "2023-12-18T13:22:28.516Z"
    }
  },
  {
    "model": "sessions.session",
    "pk": "ch8dw5l7fp9p252gq1v6zpd6oih62tbe",
    "fields": {
      "session_data": ".eJyrVkpOLCpRsqpWMgURhaWJeSWZJZVKVsY6SgVFmcmpSlZKhgZ6lpZKtTpKhma41UCVGBngVGKsZw4xxRiPKaYQJUaoSgyRlVhAlBjiUQJxiwVOFUYw1-K2xxSspLYWALqYU_g:1rA9ra:OF74diyr8HYhEH0BYt35q0I-oBDK-pGvUcMq8toWmog",
      "expire_date": "2023-12-18T14:23:58.990Z"
    }
  },
  {
    "model": "sessions.session",
    "pk": "chsisx8jbi3k8n3trjnqvfpm9fzxbbi8",
    "fields": {
      "session_data": ".eJyrVkpOLCpRsqpWMgURhaWJeSWZJZVKVoY6SgVFmcmpSlZKhgZ6lpZKtTpKhua41eiZgpUYGeJUYqRnagE2xZigKYa4TTEEu6W2FgDAITYB:1rBNEM:jIHKAbvl6c0ELs0YNTVB9EK7DwXnNNcjdTi06H0HijM",
      "expire_date": "2023-12-21T22:52:30.456Z"
    }
  },
  {
    "model": "sessions.session",
    "pk": "cn0ny5awfrr764oo16vk64glpvooadx7",
    "fields": {
      "session_data": ".eJyrVkpOLCpRsqpWMgMRhaWJeSWZJZVKVoY6SgVFmcmpSlZKhiZ6lpZKtTpKhqY41RjBlFjgNkbPEKLEGI8SU6CS2loAGNIsBw:1rAGHx:RAA19E2lELHGUeBh3ahNKOMm9xrtmUQrUxxXeVdN0MI",
      "expire_date": "2023-12-18T21:15:37.657Z"
    }
  },
  {
    "model": "sessions.session",
    "pk": "d00zicki1m5ar3hv3ey1kfzsmdhdcgyd",
    "fields": {
      "session_data": ".eJyrVkpOLCpRsqpWMgMRhaWJeSWZJZVKVoY6SgVFmcmpSlZKhiZ6lpZKtTpKhqY41RhBlRgZ4lFiagE2xQi3TXoWEItwm2IItqi2FgDEbTYL:1rA8f8:xvhtnNH34UAS8WJ6oy5w_QU8KZx-OdMakMLlFEKk7xw",
      "expire_date": "2023-12-18T13:07:02.491Z"
    }
  },
  {
    "model": "sessions.session",
    "pk": "d1sy99zoalkhdb5o7yh1sqtjmpdl2exl",
    "fields": {
      "session_data": ".eJyNk0GPgjAQhf-KmTMg1K1hOerN9cBxD5uYLnQNWmm3FLNq_O_bIkKNxXBp2jcM_d7k9QIZkQqSC8zN8luTUhXqBEnkgZBFRvXuLXh_Nyee11nzaZFDMvegYvUWEhDF-Ux8QYWgkpcFeFCSg-6D1BQmqVXI-JHKTXEgW1OfHmhekGktGCd5NW0v0Jt7x6b5dbATW91bKZ7tNU0YdmTQoMHVA8UVYRsbWIsRHrKEXI4i3Fn6Y0RqxM7J57o9Pxgoa8ZsLpsMucDQjQtFw1w4fuJCUcf1LTnfs1PpZ7KuVM-3aPXJstXHDXrxEYjycbaPHnDs8IBjM9vZYFwC7JjtrPOwI4wIWvKqx1810lcdhj9Ro4_DX_nRS35D8hwOLRp-NMwfO_hRH_d7Oi0Dqa2Ng0999Axvs8cu9rjJzyA7duUa9eyMHImfkb0V7bWWJsubNI48p1VFpXo5euyKvxGvWuQyN9c0T-76D54zb5o:1rACee:kyfh5zKRERTJOGoMC_Ost94MH7iGeNK2ZA2I3AvcpRw",
      "expire_date": "2023-12-18T17:22:48.279Z"
    }
  },
  {
    "model": "sessions.session",
    "pk": "dib4ibp6dcyd16ccobnrqt3y3i5sxt9a",
    "fields": {
      "session_data": "eyJjYXJ0Ijp7fX0:1rA8mi:H5mWH2YoxBPdijUygrCnTxM2GPJsb5uB_tDpD8c1-vU",
      "expire_date": "2023-12-18T13:14:52.716Z"
    }
  },
  {
    "model": "sessions.session",
    "pk": "dqewx3zemyi4s9tzgvq1eyi2ojlk1piy",
    "fields": {
      "session_data": "eyJjYXJ0Ijp7fX0:1rBrKK:LtIZDKWqDy1QmzJ7mhPDxajiSv3UhwJhSkBiObsc-pE",
      "expire_date": "2023-12-23T07:00:40.204Z"
    }
  },
  {
    "model": "sessions.session",
    "pk": "eda4xe4d0u5x4uxcow5vol7pnp0xg562",
    "fields": {
      "session_data": "eyJjYXJ0Ijp7fX0:1rBrCz:K8UkxTr_3n5gqnDTIsox-XnhlrAsoCm5iFif3UKwe4I",
      "expire_date": "2023-12-23T06:53:05.048Z"
    }
  },
  {
    "model": "sessions.session",
    "pk": "eru25wtjyo7rhyznypsv4bjlbhnk6djm",
    "fields": {
      "session_data": "eyJjYXJ0Ijp7fSwib3JkZXJfaWQiOjI5fQ:1rBNEG:MYt5jnONGcOMTtTtorBxQxsqcCbHQyk60Yeg3bH193M",
      "expire_date": "2023-12-21T22:52:24.303Z"
    }
  },
  {
    "model": "sessions.session",
    "pk": "f16828hc7a97vlzzhzbg2xo63m9lsbn6",
    "fields": {
      "session_data": "eyJjYXJ0Ijp7fX0:1rA8ld:LGGw7PJA4KpVpIOUYlm2hYkx-9DsFEdJMR-hAhyaHN4",
      "expire_date": "2023-12-18T13:13:45.570Z"
    }
  },
  {
    "model": "sessions.session",
    "pk": "f6x7kfads3f3x6s1jajpnngtaxdk5be4",
    "fields": {
      "session_data": "eyJjYXJ0Ijp7fX0:1rA8uD:pU9rzSknygfE_vmWgeVcPbhHTUkgdNOWLW8MENbl7wA",
      "expire_date": "2023-12-18T13:22:37.386Z"
    }
  },
  {
    "model": "sessions.session",
    "pk": "g38244xbw1e0n8fbts7p3zpdn4an5zz0",
    "fields": {
      "session_data": ".eJyrVkpOLCpRsqpWsgQRhaWJeSWZJZVKVoY6SgVFmcmpSlZKhgZ6lpZKtTpKhma41UCVGBniVGKkZ2qhVFtbCwDJuCIC:1rBrCz:nOOuMyglX9Gh1JhwsAK4N9Cc1Rmk8Bkfyb9SCeVdwYI",
      "expire_date": "2023-12-23T06:53:05.281Z"
    }
  },
  {
    "model": "sessions.session",
    "pk": "gltvfihsbm4k5fqk3qa74vfmmrtvedeb",
    "fields": {
      "session_data": "eyJjYXJ0Ijp7fSwib3JkZXJfaWQiOjMwfQ:1rBNEM:gQFdQIlVJYxEWKk_6MFyu40WU6jw9wLJE2DycWuupWc",
      "expire_date": "2023-12-21T22:52:30.469Z"
    }
  },
  {
    "model": "sessions.session",
    "pk": "h3awxk99jsom6obxmv15frucj5jyw2vv",
    "fields": {
      "session_data": ".eJyNkkGPgjAUhP-KeWdAqFvDctSb64HjHjYxXegatNJuKWbV-N-3RYQai-FC6Dwe_WYyF8iIVJBcYG4evzUpVaFOkCAPhCwyCkn0Fry_mxPP66z5tMghmXtQsXoLCYjifCa-oEJQycsCPCjJQe9BagaT1Bpk_EjlpjiQrZlPDzQvyLQWjJO8mrYX6Jf7xqb5dbATW71bKZ7tNU0YdmTQoMHVA8UVYRsbWIsRHrKEXI4i3Fn6Y0RqxM7J57o9Pxgoa8ZsLpsMucDQjQtFw1w4fuJCUcf1LTnfs1PpZ7KuVM-3aPXJstXHBb34CET5mO2jBxw7PODYZDsbrEuAHdnOOg87woigJa96_FUjfdVh-BM1-jj8lR-95Dckz-XQouFHw_yxgx_1db-30zKQ2to4-NRHz_A2e-xij5v-DLJjV69Rz87IkfgZ2VvVXmtpsrxJ48hzWlVUqpfRY1f9jXjVIpe5uaaJ9foPrZZvnQ:1rAAYN:4HvcgEH-HT1HAkitdxB1dANXJ5YKd0p02eaAHETiHvc",
      "expire_date": "2023-12-18T15:08:11.625Z"
    }
  },
  {
    "model": "sessions.session",
    "pk": "h401nrvbpd31kwx95693a99g04ogi8yi",
    "fields": {
      "session_data": ".eJyrVkpOLCpRsqpWMgMRhaWJeSWZJZVKVoY6SgVFmcmpSlZKhiZ6lpZKtTpKhnjUQJUYGeJUYqRnaqFUW1sLAMm1IgM:1rA8ld:M-HC9EPkD8jCQDG26fVINB8LekuWrkC5UGFhHRbn1vQ",
      "expire_date": "2023-12-18T13:13:45.559Z"
    }
  },
  {
    "model": "sessions.session",
    "pk": "i302m4w0pikrfokjxl65lxpbkngnribw",
    "fields": {
      "session_data": ".eJyN1EFPgzAUB_CvYt6ZMcpkCjc9Ls5w9GBCKnSzE9paqNEt--62uEHnysaF0Ffa_t4_DTvIsWwg2cHcPD4VZg1tfiCZeSAkzQkk6NaPYzPihcrbT2kBydyDulRrSEDQ7RZPBBGCSM4oeMBwpddBaiZuUmsi519EZrTCazM_rUhB8VSJkuOinh4O0C_HFVm7tb8Ra722bnj-oTVB0MmgpcHeg4Y3uMxssC6iaKil0NURirqWvkssNbHr5OXpMD5pgKmydLtCFys8qOLBoP17hyrug8bMCrcdjAs0fXj2BTsN0U5Rn3seoi4a7WxYGzm0s067wSUWhPG6Ny_a0qsKghVq6-P4iwk649v6yKWPWn14qkdXsg77rI930OKndm1k8pPwH31k7MEQ3H11gw7-RsiqJz_-jcZhK8pykpkNLsR98Wqj4bhdatSpK1W_S84rK-2lVRrnX165J65fhYHrIpeFOUCj7va_1UWdfw:1rAA35:QHHcTD6O6jwr3itDVsbuusiU4pNK385nkBeKwdkdzj0",
      "expire_date": "2023-12-18T14:35:51.336Z"
    }
  },
  {
    "model": "sessions.session",
    "pk": "i3nohlvn8tn9gd9mfykvw8ovcoj0j4ky",
    "fields": {
      "session_data": "eyJjYXJ0Ijp7fX0:1rBrCz:K8UkxTr_3n5gqnDTIsox-XnhlrAsoCm5iFif3UKwe4I",
      "expire_date": "2023-12-23T06:53:05.194Z"
    }
  },
  {
    "model": "sessions.session",
    "pk": "iuwvkv78j7me5jy7o8fqwxk61jtk04e1",
    "fields": {
      "session_data": ".eJyrVkpOLCpRsqpWMgMRhaWJeSWZJZVKVoY6SgVFmcmpSlZKhiZ6lpZKtTpKhqY41RhBlRgZ4lFiagE2xQi3TXoWEItwm2IItqi2FgDEbTYL:1rA8eP:gDPfWg4fQ-yPZOvnq1y3wPFJxLQOGPx2X9_Oz154P_o",
      "expire_date": "2023-12-18T13:06:17.669Z"
    }
  },
  {
    "model": "sessions.session",
    "pk": "ix0j4r1xf3xe8xtmtuthzafe0i7vppd5",
    "fields": {
      "session_data": "eyJjYXJ0Ijp7fX0:1rA8a9:sEIDb6_xZSOquouGaYC1EgS1mGU4am2JbwB2gkkvWpo",
      "expire_date": "2023-12-18T13:01:53.918Z"
    }
  },
  {
    "model": "sessions.session",
    "pk": "jdjdkq7bq68x4hd4a24ql0f4khxo0uf3",
    "fields": {
      "session_data": ".eJyVlFtPwyAAhf_KwvPaAbVq9-blwRgvTfTBB5OFFdzQFrAX4yX77wLbWpbRWV-acijlO6eH_oCMlDWY_oBjc3lviKh5_QWmaAxUyTOm747CJDEjSZvMPsopmB6PQZU3CzAFin9_k0AxpVgpBQdjIEih14HUTIxSZyKTH6yc8YIszPykYJSTSaNySWg12Wygb7YrZvbV4ata6LVVLbM3TQNhSwYsGliNQS1rks9cYC2ieNcSbhdinyMUt5Y-c1JqxNbJ081mvGNANHnucrlk2AcWh8mp4Up6ow5PPVxJFzURTrx2MCzS9OwuVGI3xp0g9cb7OWrR4EZ9MaIw9uBGLe4ryYliQlYd9LWVnhsIX5DVh_FfB-gP_nifPwqRjRv_L27cxb0tomMgdbWB4Qd4H35g9rCP3V9h2LLPGXvpqM_Xo2G8BRcZm5kXHML2NhxvTh7qr4wPG7XYRVMtSykLJ_FbRxpm4PbPtnjQo_Xh7D-b0Ifenc1sySglZWD_WR39xVoepRt5mIN5w3N6sDTQ--eD6_xxb22i8GTfBO5qsySCBrWsKkY7D1daHD1uxWEOrs7uLh_vHx4OfghD4_kQJ8lKi7KkZh_bj9UviegclA:1rAALx:rGjO5M3dXpUw1EkkjFl0xsgn17PQHP15FKjSoXhIvcc",
      "expire_date": "2023-12-18T14:55:21.934Z"
    }
  },
  {
    "model": "sessions.session",
    "pk": "jebhlzyy52n7sqsojpw4d0wy5h2locyy",
    "fields": {
      "session_data": ".eJyN1EFvgjAUB_CvsrwzIsVhBrftaObCcYclpIPq6krbFVg2jd99LVOoWpQLoa-0_b1_GnaQY1VDsoO5eXw1mNe0_oUk9EAqmhNI0L0fx2YkiiZvP6UFJHMPKtasIQFJt1s8kURKogSn4AHHpV4HqZm4S62JXHwTldESr838tCQFxdNGMoGLano4QL8cV2Tt1v5GrvXaqhb5p9YEQSeDlgZ7D2pRY5bZYF1E0VBLoasjFHUt_TCsNLHr5PX5MD5pgDeMuV2hixUeVPFg0P6DQxX3QWNuhdsOxgWaPr74kp-GaKeoz70MUReNdjasjRzaWafdYIYl4aLqzYu29NYEwQq19XH8xQRd8G195NJHrT481aMbWYd91sc7aPFTuzYy-Ul4Rh8ZezAEd1_doIO_E7LqyU__o3HYkvKcZGaDK3FfvdpoOG6XGnXqsqk-lBCllfbSKo3zL2_cE9evwsB1UajCHKBR8f4PxbSdfQ:1rAA4Y:MFSg3ILlrcBBiLBPuidFdPCThkSktakQvZiJYyCnKkg",
      "expire_date": "2023-12-18T14:37:22.889Z"
    }
  },
  {
    "model": "sessions.session",
    "pk": "ktsvr1g3qi1ooz1v5xrm3hkfpl45oa9v",
    "fields": {
      "session_data": "eyJjYXJ0Ijp7fX0:1rBrDX:5CBPTy6mwKh_fqViF5ohgLY7sGQoYLDff99DNu3ndr4",
      "expire_date": "2023-12-23T06:53:39.395Z"
    }
  },
  {
    "model": "sessions.session",
    "pk": "kxldie3sfimryhg3xx29624qdki7h3gp",
    "fields": {
      "session_data": ".eJyrVkpOLCpRsqpWMgMRhaWJeSWZJZVKVkY6SgVFmcmpSlZKhiZ6lpZKtTpKhqY41RjBlFjiNkbPAqLEGI8SU4gSI1QlhlhMMcCpBO4WQzymQJRYEDCkthYAvRlT-g:1rA9ti:5AVJAJCv_omc1c4G0H9N5dlO7r-UQoerSkPfamvS_Qk",
      "expire_date": "2023-12-18T14:26:10.891Z"
    }
  },
  {
    "model": "sessions.session",
    "pk": "kxwy5qh0lfczvzbz2z17kqordg6605nc",
    "fields": {
      "session_data": "eyJjYXJ0Ijp7fX0:1rBrDX:5CBPTy6mwKh_fqViF5ohgLY7sGQoYLDff99DNu3ndr4",
      "expire_date": "2023-12-23T06:53:39.381Z"
    }
  },
  {
    "model": "sessions.session",
    "pk": "ljo474ijbrntra6zggkz0xibxdy1awt7",
    "fields": {
      "session_data": ".eJyrVkpOLCpRsqpWMgMRhaWJeSWZJZVKVoY6SgVFmcmpSlZKhiZ6lpZKtTpKhnjUQJUYGeJUYqRnaqFUW1sLAMm1IgM:1rA8uD:imRmmQkEvJdK_ilP6JbHGNe_zMIuKQRMudHU_rlF6RM",
      "expire_date": "2023-12-18T13:22:37.375Z"
    }
  },
  {
    "model": "sessions.session",
    "pk": "lm75zell8qhvgrs9e328mjmzjs6e2vti",
    "fields": {
      "session_data": ".eJyrVkpOLCpRsqpWMgMRhaWJeSWZJZVKVoY6SgVFmcmpSlZKhiZ6lpZKtTpKhqY41RhBlRgZ4lFiagE2xQi3TXoWEItwm2IItqi2FgDEbTYL:1rA8aW:JagHZ3bTdZmcYGT33jvGYSP5RPuJ5nIyYCuYfl7GUJk",
      "expire_date": "2023-12-18T13:02:16.634Z"
    }
  },
  {
    "model": "sessions.session",
    "pk": "lv3jx49kk15tzvd358cdpxryei7csvs7",
    "fields": {
      "session_data": ".eJyrVkpOLCpRsqpWMgMRhaWJeSWZJZVKVoY6SgVFmcmpSlZKhiZ6lpZKtTpKhnjUQJUYGeJUYqRnaqFUW1sLAMm1IgM:1rA95G:QxL0h-5uVDXrZmeMzkIxC5VnhwPYvLZMcMeh6fi7Wx4",
      "expire_date": "2023-12-18T13:34:02.829Z"
    }
  },
  {
    "model": "sessions.session",
    "pk": "ly5olb9wcva3bezkldu8zco2sqjx4sor",
    "fields": {
      "session_data": "eyJjYXJ0Ijp7fX0:1rACon:_0baAXtoyUSGqlp9HjimTFxZs8cb9UkyLeCYeupzR1Q",
      "expire_date": "2023-12-18T17:33:17.890Z"
    }
  },
  {
    "model": "sessions.session",
    "pk": "m5hihgvqe7s2r95p28nntt7mmdpenyvg",
    "fields": {
      "session_data": ".eJyrVkpOLCpRsqpWMgMRhaWJeSWZJZVKVoY6SgVFmcmpSlZKhiZ6lpZKtTpKhnjUQJUYGeJUYqRnaqFUW1sLAMm1IgM:1rA8nS:EgrYKqdA-ZNSkkx4hrY-tCWrU4aOul68fmAwh_HlJVU",
      "expire_date": "2023-12-18T13:15:38.238Z"
    }
  },
  {
    "model": "sessions.session",
    "pk": "m9zd74r9wrcqbjbnw4u2qfiwfceaf29l",
    "fields": {
      "session_data": ".eJyV1M9vgjAUB_B_ZXlnQIrDCLdtNzMXjjssIR1UV4W248eyafzf16JCmUXZxfheLf28byp7SHBRQbiHmfr4rDGraPUDoWeBKGhCIET3ThCoiqd10vyUphDOLCizeg0hCLrbYVsQIUjBGQULGM7lPojUwl2kLST8ixQxzfFarU9yklI8qUXGcVpOTgfIL-cdcfNoZyPWcm9Z8WQrNa7byqChwcGCilc4i3WwbCJ_aCTPNBHy25G-M1xIYjvJ6_Op7g3A6iwzuzwTyzupgsGgnblBFXRBY6aF2xTjAo0eXhzB-iHqKcpzL0OUTaWdDmt9g3baajc4w4IwXnbmRdN6q113hZr-OP7CRhd8Xe-b9H6j9_p6dCNrr8v6fAc1fqT3RiZve3_oI2N3h-Dmq-u28HdCVh358ViNw-aUJSRWD7gS99WrjYbjNqlRq87r8qPgPNfSXmqtcf7ljXtielUc4fN_pT1v2Qnfam-Jp2M1DpuKna22X_tjDmctm7xI1THS4x9-AWix1i0:1rAA1F:qwSgyqN7-pCE4OUgGKAQSsDGA28jpJ3wYMb70-k3Af4",
      "expire_date": "2023-12-18T14:33:57.837Z"
    }
  },
  {
    "model": "sessions.session",
    "pk": "n4jpbg6guuzpcvc0baavsan7hvsuqihi",
    "fields": {
      "session_data": "eyJjYXJ0Ijp7fX0:1rA8nS:UyEcEIvTuhe7nPL1Q8cFKoGbIvRP5SIownevZ9fkmR4",
      "expire_date": "2023-12-18T13:15:38.253Z"
    }
  },
  {
    "model": "sessions.session",
    "pk": "ne6i6m9bslktspx2keg0zjt43rr2yyvj",
    "fields": {
      "session_data": ".eJyVlE1zgjAQQP9KZ8-ABIsj3NrenNrh2ENnmBSijUKS8tFpdfzvTVAh1KD0wrAbNnn7ZskeElxUEO5hph6fNWYVrX4gnFogCpoQCNG9EwQq4mmdNJ_SFMKZBWVWryEEQXc7bAsiBCk4o2ABw7msg0gt3EXaQsK_SBHTHK_V-iQnKcWTWmQcp-XkdIB8OVfEzdbORqxlbVnxZCtpXLclgwYNDhZUvMJZrAPLJPKHWvJMHSG_bek7w4VEbDt5fT7FvQZYnWVmLs-E5Z2ogkHRztxAFXSiMdPkNsE4odHDiyNYX6JuUZ57KVEmFe10mNY30E5b2g3OsCCMlx3zokm91a67Qk1-HP7CRhf4Or1vovcbeq9Pj2649jrX5xnU8CM9N9K87f1BH6ndHQI3j67bgr8TsuqQH4_RONicsoTEaoMruq-ONhrWbaJGLXVelx8F57lme6mlxvEvb8yJ6ao4gs__ZXveYid8q90ST8doHGwqdrYqv_ZjDruWSV6k6hh1FR9-AXsU1jI:1rAA27:5gOTeJHF9r4z_bPi54EgTfRC28Ev3P5t5tmqhQZZEk0",
      "expire_date": "2023-12-18T14:34:51.068Z"
    }
  },
  {
    "model": "sessions.session",
    "pk": "nlvzg7vbbfw7hvajgx45f2bdn14zmyyf",
    "fields": {
      "session_data": "eyJjYXJ0Ijp7fX0:1rA94r:3KCRSyAN2MIa06A4fnz3_f0qG95927dGhvqHA2GYbx4",
      "expire_date": "2023-12-18T13:33:37.626Z"
    }
  },
  {
    "model": "sessions.session",
    "pk": "ortw40a1v7gtq5pz1y7igti6u7h3aecw",
    "fields": {
      "session_data": "eyJjYXJ0Ijp7fSwib3JkZXJfaWQiOjIzfQ:1rAGHx:ua_ik_MAEw_e7WfcuL65eHkQ80H-vJg230IzbuHMLjc",
      "expire_date": "2023-12-18T21:15:37.672Z"
    }
  },
  {
    "model": "sessions.session",
    "pk": "pw4nxqx733zxlt3wom4tum7upml9fduh",
    "fields": {
      "session_data": ".eJyrVkpOLCpRsqpWMgMRhaWJeSWZJZVKVoY6SgVFmcmpSlZKhiZ6lpZKtTpKhqY41RjBlFjiNkbPAqLEGI8SU4gSI8KmGBB2iyEeUyBKLAgYUlsLALnOU_Y:1rA9s8:RDZyyWwyjUB28cXpfNtIliHs5puoSIv8dNk8VO6G56k",
      "expire_date": "2023-12-18T14:24:32.190Z"
    }
  },
  {
    "model": "sessions.session",
    "pk": "px3cewop2thhr3emis5wkclnps9zo4r1",
    "fields": {
      "session_data": "eyJjYXJ0Ijp7fX0:1rA97C:f0RDOM8olFJxyhhsI93x3XmbwLlJzV9lG51mMzNT9bI",
      "expire_date": "2023-12-18T13:36:02.602Z"
    }
  },
  {
    "model": "sessions.session",
    "pk": "q9x7oi35fhd1s40xk1wmx51q7sv0sc7s",
    "fields": {
      "session_data": ".eJyrVkpOLCpRsqpWMgURhaWJeSWZJZVKVoY6SgVFmcmpSlZKhgZ6lpZKtTpKhua41eiZgpUYGeJUYqRnagE2xZigKYa4TTEEu6W2FgDAITYB:1rBNEG:kuaGo1H5HTiA9_myC_PBD08jXmhGx-eDOKnFIQXurPk",
      "expire_date": "2023-12-21T22:52:24.282Z"
    }
  },
  {
    "model": "sessions.session",
    "pk": "qjq5efg8qqi81j0xmnm7po6b13qa8cw9",
    "fields": {
      "session_data": "eyJjYXJ0Ijp7fX0:1rAEMD:v4cHYBaKrB-QabQJzoYnGbsNN0Vnom1_zDrXn5FNICg",
      "expire_date": "2023-12-18T19:11:53.455Z"
    }
  },
  {
    "model": "sessions.session",
    "pk": "qn2ugcx2ypu5p0tfxxblik41hbm7u2i1",
    "fields": {
      "session_data": "eyJjYXJ0Ijp7fX0:1rA8Zy:LM_ugE_cBoavbP4lgE6IJxoe4AJ07L-U4lOojfQwTGg",
      "expire_date": "2023-12-18T13:01:42.862Z"
    }
  },
  {
    "model": "sessions.session",
    "pk": "qouo1qc5i0cogjdxknfwl48cwu5fjtdg",
    "fields": {
      "session_data": ".eJyrVkpOLCpRsqpWMgMRhaWJeSWZJZVKVkY6SgVFmcmpSlZKhiZ6lpZKtTpKhuaoagyR1OiZgpUYGeBUYqxnDjHFCI8pFhAlhniUQN2C2yIjmBJTgkqMcFtkpGdqoVRbWwsABCtUGg:1rA8ZY:gXO_i5xr7GlkrGChyHTwDeLIL15p8c_8-dV2Tts5OLA",
      "expire_date": "2023-12-18T13:01:16.111Z"
    }
  },
  {
    "model": "sessions.session",
    "pk": "qve4aji2y12ha2xyrmvlijalstctqy9e",
    "fields": {
      "session_data": ".eJyN0k1rgzAYB_CvUp5zfQsrqNdeNhjDQw-7lSwJNjQmWV7G1uJ3X9KJtVRHL2L-GvN7_ngGgo2D-gxVvHx6LB13P1AXa9CGExbu8rSq4kpRTy6vcgp1SKzwLdRADoxSbBLNTycMa5C4C7tg-xevmiEm6ouZPe9wG59mHaMcZ14LhanNho_b7MNzQVMt27DDOkWO8fw8HzFw0UC_BqccFvupMYTFZmkKNDdEsRmn-BbYBNnIf38d1jdu6YW4gU1kaA6GBle52G5azLjK0eUOXCbEeOuutl3IVtshe6zX3fPL232t016D477WEEY9WtaXM3o06jXTmhklub3qm2n2mL5J0L__RFDM2MuqD6EyNJ4QXE9V_wsXvO3M:1rBpm7:fcWDe5CcpsPgpW1oThOP8Z6ctjAUCImY9GYgn-U22_A",
      "expire_date": "2023-12-23T05:21:15.912Z"
    }
  },
  {
    "model": "sessions.session",
    "pk": "raa6cdy28op8vgknxklbw8ugawpas94h",
    "fields": {
      "session_data": ".eJyrVkpOLCpRsqpWMgMRhaWJeSWZJZVKVoY6SgVFmcmpSlZKhiZ6lpZKtTpKhnjUQJUYGeJUYqRnaqFUW1sLAMm1IgM:1rA8np:GMGn40o6DLQK68PNwcXn8WxuDS78D2Ni7oQlXVAq4SA",
      "expire_date": "2023-12-18T13:16:01.367Z"
    }
  },
  {
    "model": "sessions.session",
    "pk": "rftw7yowvebub9ivgiw18z4m4zfslfk4",
    "fields": {
      "session_data": "eyJjYXJ0Ijp7fX0:1rBrKK:LtIZDKWqDy1QmzJ7mhPDxajiSv3UhwJhSkBiObsc-pE",
      "expire_date": "2023-12-23T07:00:40.220Z"
    }
  },
  {
    "model": "sessions.session",
    "pk": "rlopch4nws74d9lg11uw9alvqu74impt",
    "fields": {
      "session_data": ".eJx9jzEKgDAQBP-ytRxeYjTmNxIsbEQlFiL5u5goqHA2Ww27Ozt8twS4HfUZ89qNYQgbHBeYlsH3cOCK2haxAH8Y9WAuRLFYo8jY1FKJSEM2tZg3oR875T1Uii2amnxXy0pkMqJ-kPyFZaNb2v44X2_lHZOQGA87ynIM:1rA9RF:rtbS5aB8dXieLe9aZefecXnskZ8sWLb1nk_BUAJs3PE",
      "expire_date": "2023-12-18T13:56:45.212Z"
    }
  },
  {
    "model": "sessions.session",
    "pk": "rq5w7zfvmnbskhjab29jipk9ygddogkk",
    "fields": {
      "session_data": "eyJjYXJ0Ijp7fSwib3JkZXJfaWQiOjMxfQ:1rBNFK:BgUES9-_WCQGbiKeO8TazdTzvNeTmbM9xf0evVJa-dk",
      "expire_date": "2023-12-21T22:53:30.507Z"
    }
  },
  {
    "model": "sessions.session",
    "pk": "sipb4rt6jwvwlpn8q8axb3gkvmimxxiu",
    "fields": {
      "session_data": ".eJyrVkpOLCpRsqpWMgURhaWJeSWZJZVKVpY6SgVFmcmpSlZKhgZ6lpZKtTpKhma41UCVGBngVGKsZw4xxRiPKaYQJUaoSgyRlVhAlBjiUQJxiwVOFUYw1-K2xxSspLYWAM5aVBA:1rA9mC:j7AZ7yn78aGlFK6rrlx05NfvUR1A1QypHauV_eoGKQM",
      "expire_date": "2023-12-18T14:18:24.358Z"
    }
  },
  {
    "model": "sessions.session",
    "pk": "szvbr9lu6a47o9ex9vh24klgsso89vbr",
    "fields": {
      "session_data": ".eJxVjDEOAiEQRe9CbTaAwzLa6R2syQBDIEY2EaiMd5dNLLR97_3_Eo5Gz240froSxVkocfhlnsKd6y4ohG3U3pZdcu0lUC9bXW4zq_Tgy8TXb_13kanludeojGdE6VHDcZUxpmgTphVikMBAWjOeyHjFZjZGAzNaSGztbJQU7w-rlDkm:1rBMZ7:tBiLctE-E2p3PNGxJgc8lW2xUPBxum3sqdA27FlTyPk",
      "expire_date": "2023-12-21T22:09:53.661Z"
    }
  },
  {
    "model": "sessions.session",
    "pk": "ti57a2s23l58vnv0x0jpus163qps4aje",
    "fields": {
      "session_data": "eyJjYXJ0Ijp7fX0:1rA95G:qJyyaBh0AwHJmdJ7n4HpyceWGWLIkRvBibIXk5A6S-Q",
      "expire_date": "2023-12-18T13:34:02.839Z"
    }
  },
  {
    "model": "sessions.session",
    "pk": "tjgl7mokj9o662ie9p32qmvo52wha6ub",
    "fields": {
      "session_data": ".eJyrVkpOLCpRsqpWMgMRhaWJeSWZJZVKVoY6SgVFmcmpSlZKhiZ6lpZKtTpKhnjUQJUYGeJUYqRnaqFUW1sLAMm1IgM:1rA8sk:4fT92i5kL1CyXPgCNqNmD8AwPdqEf_G41cdaKfyUrdk",
      "expire_date": "2023-12-18T13:21:06.741Z"
    }
  },
  {
    "model": "sessions.session",
    "pk": "tr899qe69xf5twroxi7sya3qwec84ool",
    "fields": {
      "session_data": ".eJyrVkpOLCpRsqpWMgMRhaWJeSWZJZVKVoY6SgVFmcmpSlZKhiZ6lpZKtTpKhnjUQJUYGeJUYqRnaqFUW1sLAMm1IgM:1rA8mi:ror_ue6xAEpY1rKElT-1dY-mv5ChAx-xiRxAtkLDJXg",
      "expire_date": "2023-12-18T13:14:52.705Z"
    }
  },
  {
    "model": "sessions.session",
    "pk": "tsgu7g2sr98t5gldmhnt6dyu6ca894fi",
    "fields": {
      "session_data": ".eJyrVkpOLCpRsqpWsgQRhaWJeSWZJZVKVoY6SgVFmcmpSlZKhgZ6lpZKtTpKhma41UCVGBniVGKkZ2oBNsUYjymmQFNqawEX1iwE:1rAGJJ:l6anyxkpXYpXxTKjqWQ-UU2_YP0NXz8n8T05QJZYE0g",
      "expire_date": "2023-12-18T21:17:01.137Z"
    }
  },
  {
    "model": "sessions.session",
    "pk": "u6ea84nl4wx3ynnhejpsozvxsdqgpwi1",
    "fields": {
      "session_data": "eyJjYXJ0Ijp7fX0:1rBrIo:mafEFylOfOJu4gYgwWx6X7pIpC-agb6nesYra4eap8w",
      "expire_date": "2023-12-23T06:59:06.793Z"
    }
  },
  {
    "model": "sessions.session",
    "pk": "u9iytk9y4wgg8i5vyxotiisap8u86cml",
    "fields": {
      "session_data": "eyJjYXJ0Ijp7fX0:1rA95X:eacF0RVOlA60aK3EjmT4Jf47-z9Jvtgwl-7AQRoPm0k",
      "expire_date": "2023-12-18T13:34:19.686Z"
    }
  },
  {
    "model": "sessions.session",
    "pk": "uc6b9sgwpqfg5zgr9v9c4iunxphxzlqy",
    "fields": {
      "session_data": ".eJyrVkpOLCpRsqpWsgQRhaWJeSWZJZVKVoY6SgVFmcmpSlZKhgZ6lpZKtTpKhqY41RhBlRgZ4FRirGcOVFJbCwDJlSIF:1rBNFK:F4jcj-Bp5ZEQ3BIXXIrVab9jsTSM-TDSfY6soKw_c_Q",
      "expire_date": "2023-12-21T22:53:30.493Z"
    }
  },
  {
    "model": "sessions.session",
    "pk": "ucujwt29d8onx7fmm3q5ol8lg99cpj2v",
    "fields": {
      "session_data": ".eJyrVkpOLCpRsqpWMgMRhaWJeSWZJZVKVoY6SgVFmcmpSlZKhiZ6lpZKtTpKhnjUQJUYGeJUYqRnaqFUW1sLAMm1IgM:1rA8mh:HaW1K0cNbaZdIMaEooRZ4RJHxu2or-399h2YZZDx01U",
      "expire_date": "2023-12-18T13:14:51.299Z"
    }
  },
  {
    "model": "sessions.session",
    "pk": "v3epa3a28umlea7eowc2uuepfcj9kwgz",
    "fields": {
      "session_data": ".eJyrVkpOLCpRsqpWMjIGkYWliXklmSWVSlaGOkoFRZnJqUpWSkZ6lpZKtTpKFgRVGBnhVGIKVlJbCwCrhyHa:1rBrIz:eeV5PgicXZU6h7a7EhwDijlbji0E9mvnH0DP-CrEnmU",
      "expire_date": "2023-12-23T06:59:17.275Z"
    }
  },
  {
    "model": "sessions.session",
    "pk": "v8shbztyqt6jml9laj7757xw41iqz6us",
    "fields": {
      "session_data": "eyJjYXJ0Ijp7fX0:1rA8qj:mtpzMANHqFMxw4kEuJNr-5YONIjx8WG1-E_mxESEP-4",
      "expire_date": "2023-12-18T13:19:01.741Z"
    }
  },
  {
    "model": "sessions.session",
    "pk": "vk3s2yl28ozi9ry5e8of8im2wyh612zn",
    "fields": {
      "session_data": "eyJjYXJ0Ijp7fX0:1rA8sk:kRfQCh6CnWsAvy5qrqeQuioXqjAnvTBEy-cnUE_yUbk",
      "expire_date": "2023-12-18T13:21:06.753Z"
    }
  },
  {
    "model": "sessions.session",
    "pk": "vke5kaghbj7q63ln45ss1ce4ynki5d9q",
    "fields": {
      "session_data": ".eJyrVkpOLCpRsqpWMgMRhaWJeSWZJZVKVoY6SgVFmcmpSlZKhiZ6lpZKtTpKhqY41RhBlRgZ4lFiagE2xQi3TXoWEItwm2IItqi2FgDEbTYL:1rA8de:Vfp68msRdgKyiamQGcpl5h-IVdQ41P1PlpP23yfoCYI",
      "expire_date": "2023-12-18T13:05:30.691Z"
    }
  },
  {
    "model": "sessions.session",
    "pk": "wacorg6cewvujq9ip27lje3ruhso6sy6",
    "fields": {
      "session_data": "eyJjYXJ0Ijp7fX0:1rA8lm:Y-z6hyS65Rb7D46Vz_RREYQTffciVV-xaqizgGJq3Jg",
      "expire_date": "2023-12-18T13:13:54.317Z"
    }
  },
  {
    "model": "sessions.session",
    "pk": "wvkn0d6gg40nquoe5r8xlypn21m6w19x",
    "fields": {
      "session_data": "eyJjYXJ0Ijp7fX0:1rBrIz:qc9d9Uv8nBhbkoD2kVqSvPRWH2r_HUX-axjsFxekZNs",
      "expire_date": "2023-12-23T06:59:17.213Z"
    }
  },
  {
    "model": "sessions.session",
    "pk": "x70nwl38h703ipo7a3slxrgdwjz9tf51",
    "fields": {
      "session_data": ".eJyNkl1LwzAUhv_KONf9SFvKaO9EL8YQFbYLL4RxTOoWTZvaJKIb_e8m3ew6usluQvLk4zzvITug2GjId5C54dNgpbn-gTzyoG44LeyMBFnmVpIZ2h3lDHJLlDBryIFuCsaw8Wu-3SJ4UGFpb8HtHk-eDpjKr6JZ8RLXbjcsC8YxNLWQyFR4eFyFr4YLFtTV2t5QWtIPV5-QXgY6G2g90FKjWA0dLYzSSynicyGitE_xLbCxZr3-8_1hfeJdGSFOxAZm8TmxeO8Vk0teSTAde8Wk99pgxXwtlSrYUW5m4WT5B6_r7Ozm4W75uFiMmzvI4GxGGRx0vU0u_pAgPdPbpM_wjgLropLqmGDeoRdDyFvU8etCzP3oX39nMv4cFrYWyoa5Es5t2v4C7krwAA:1rACl9:yI-VHx9x-zJk9EjPxpWIfO7Wkofa7aWFdWxPXPXmHrQ",
      "expire_date": "2023-12-18T17:29:31.227Z"
    }
  },
  {
    "model": "sessions.session",
    "pk": "xth1ejh3s9oy67v9uihcihfik4b2kmcw",
    "fields": {
      "session_data": "eyJjYXJ0Ijp7fX0:1rBpCz:GbypXTHz5MTBuCRWtVgX920xt7e0lqNeV1MnFz-LVBM",
      "expire_date": "2023-12-23T04:44:57.619Z"
    }
  },
  {
    "model": "sessions.session",
    "pk": "xvg6x8igrzxbagkxxo205sweltzhhzun",
    "fields": {
      "session_data": "eyJjYXJ0Ijp7fSwib3JkZXJfaWQiOjIxfQ:1rAGH2:PjPqyF7kIUYAnyPIvX03fBic6mT22xbru110Qgy4DvY",
      "expire_date": "2023-12-18T21:14:40.266Z"
    }
  },
  {
    "model": "sessions.session",
    "pk": "y2as5itrmwlxxq26qgxlz09pgkno9iaf",
    "fields": {
      "session_data": "eyJjYXJ0Ijp7fX0:1rA8mh:bqQDvcYqzDKXSQWfBTiO_1HUShuDwDHsWqoqZHLewhU",
      "expire_date": "2023-12-18T13:14:51.309Z"
    }
  },
  {
    "model": "sessions.session",
    "pk": "y3sx3h4gaz7bmapvg0v5nrevfif5mnvy",
    "fields": {
      "session_data": ".eJyNkl1PwjAUhv8KOddj60bQsDujF4QYNYELL0zIsZ1QLe3sh1HI_rvtmGNkYLhp2qcf53lPugOK2kK-g0kYPh1Ky-0P5GkEpea08DMSTyZhpZij9VHOIPfECLeCHOi6YAz1sOTbLUIEEjf-Ftzu8eCpwVR9FXrJN7gKu8mmYBwTVwqFzCTN4yZ5dVywuJQrf8NYRT9CfUJaGahtoIrAKoti2XX0MB2fS5GdCpGO2xTfArU3a_Wf75v1kbd0QhyJdcyyU2LZ3isj57xG8XXfKyOt1xolG1plTMEOclMPB4s_eFlnpzcPd4vH-bzf3E6GYNPLEGDo7ejsD4nHJ3o7ajO8o8CykMocEsxq9OIIeUtrflmI2TD91z-Y9D-Hh5WHSrNQIrhdVb_uSO__:1rACip:GMKdHPrqQyDMVfMFdLJudJXLqbY8SMR1KkslmjAlg9U",
      "expire_date": "2023-12-18T17:27:07.638Z"
    }
  },
  {
    "model": "sessions.session",
    "pk": "yaijcbenx835yyg33e93v5pry6uktn3q",
    "fields": {
      "session_data": "eyJjYXJ0Ijp7fSwib3JkZXJfaWQiOjI0fQ:1rAGId:QDTxk5hIlLAUGdEvPNCN0vRhmfINg3x0t3CSfOQXEH4",
      "expire_date": "2023-12-18T21:16:19.368Z"
    }
  },
  {
    "model": "sessions.session",
    "pk": "yclyq5dcihks2zoi3iaorcls6331mwjm",
    "fields": {
      "session_data": ".eJyrVkpOLCpRsqpWMgMRhaWJeSWZJZVKVoY6SgVFmcmpSlZKhiZ6lpZKtTpKhqY41RjBlFjgNkbPEKLEGI8SU6CS2loAGNIsBw:1rAGH2:C4Q7iQP9GafRt42lOjYWaJwsknI0gjAi1FA1CN9fXEI",
      "expire_date": "2023-12-18T21:14:40.249Z"
    }
  },
  {
    "model": "sessions.session",
    "pk": "yd7clgcq57xfr4jl3fp7hk3sd43vbhb5",
    "fields": {
      "session_data": ".eJyNlEFvgjAUx7_K8s6IFIcZ3LajmQvHHZaQDqqrg7YrsGwav_vaTqFqRS6E9y9tf--XF3aQY9lAsoO5fny1mDW0-YUE3XsgJM2JfvXjWFe8aHPzLS0gmXtQl-0aEhB0u8UTQYQgkjMKHjBcqX2Q6oW71FrI-TeRGa3wWq9PK1JQPG1FyXFRTw8XqJfjjswc7W_EWu2tG55_Kpog6MjAoMHeg4Y3uMxsYBWi6GpPoaslFHU9_ZRYKsauldfnQ33SAWvL0g0WurjCA1Z8XbX_4MCKe9WYWXpNMU5p-vjiC3aq0fao7r3UqEKNOxvAjRy4sw53g0ssCON1D70w0VsbBCtk8nH8iwm64LfxIxd-ZPDDM_zZDdthb_s4hxZ_amcj3U_CM_aR4oOr5O7xDTryd0JWPfPTfzWOtqIsJ5k-YED44HijAeEubNRhV239ITmvLN9LKxrXwPLGqLh-GJpchVwW-gLjcv8HXWmfCg:1rAALG:moM5Z-J7nXIlejS0wN6of6JgNo17lJGKk2FIgjC-8tw",
      "expire_date": "2023-12-18T14:54:38.547Z"
    }
  },
  {
    "model": "sessions.session",
    "pk": "z1lrn3o7nccewmycxe8813lnrca152lx",
    "fields": {
      "session_data": ".eJyrVkpOLCpRsqpWMgMRhaWJeSWZJZVKVoY6SgVFmcmpSlZKhiZ6lpZKtTpKhqY41RhBlRgZ4lFiagE2xQi3TXoWEItwm2IItqi2FgDEbTYL:1rA8dz:N-3bas5AG740dOQ3bb88yO__3HM8e-32U8rPbyTHmwY",
      "expire_date": "2023-12-18T13:05:51.112Z"
    }
  },
  {
    "model": "sessions.session",
    "pk": "zm41gg1d866xg6y8btnc7asi8wgq6byb",
    "fields": {
      "session_data": ".eJyrVkpOLCpRsqpWsgQRhaWJeSWZJZVKVoY6SgVFmcmpSlZKhgZ6lpZKtTpKhua41eiZQpRY4FFiCFRSWwsAygkiAQ:1rBrKK:rWoJUj0DZSq5NqFfi_V2Ymk2onTBwiOrQD8VChPCDKA",
      "expire_date": "2023-12-23T07:00:40.239Z"
    }
  },
  {
    "model": "sessions.session",
    "pk": "zu0842e6pxw4aeuqlstze5jfv92gvnu1",
    "fields": {
      "session_data": "eyJjYXJ0Ijp7fX0:1rA96y:USB8sQ9HvwM4gL0CriPtjo0ccjGAuN-d2PGdY7FmKxc",
      "expire_date": "2023-12-18T13:35:48.980Z"
    }
  },
  {
    "model": "taggit.tag",
    "pk": 1,
    "fields": {
      "name": "pizza",
      "slug": "pizza"
    }
  },
  {
    "model": "taggit.tag",
    "pk": 2,
    "fields": {
      "name": "drink",
      "slug": "drink"
    }
  },
  {
    "model": "taggit.tag",
    "pk": 3,
    "fields": {
      "name": "topping",
      "slug": "topping"
    }
  },
  {
    "model": "taggit.tag",
    "pk": 5,
    "fields": {
      "name": "side",
      "slug": "side"
    }
  },
  {
    "model": "taggit.tag",
    "pk": 6,
    "fields": {
      "name": "size",
      "slug": "size"
    }
  },
  {
    "model": "taggit.tag",
    "pk": 7,
    "fields": {
      "name": "crust",
      "slug": "crust"
    }
  },
  {
    "model": "taggit.tag",
    "pk": 8,
    "fields": {
      "name": "desert",
      "slug": "desert"
    }
  },
  {
    "model": "taggit.taggeditem",
    "pk": 2,
    "fields": {
      "tag": 1,
      "content_type": 10,
      "object_id": 5
    }
  },
  {
    "model": "taggit.taggeditem",
    "pk": 3,
    "fields": {
      "tag": 1,
      "content_type": 10,
      "object_id": 6
    }
  },
  {
    "model": "taggit.taggeditem",
    "pk": 4,
    "fields": {
      "tag": 2,
      "content_type": 10,
      "object_id": 7
    }
  },
  {
    "model": "taggit.taggeditem",
    "pk": 5,
    "fields": {
      "tag": 2,
      "content_type": 10,
      "object_id": 8
    }
  },
  {
    "model": "taggit.taggeditem",
    "pk": 6,
    "fields": {
      "tag": 1,
      "content_type": 10,
      "object_id": 9
    }
  },
  {
    "model": "taggit.taggeditem",
    "pk": 7,
    "fields": {
      "tag": 3,
      "content_type": 10,
      "object_id": 10
    }
  },
  {
    "model": "taggit.taggeditem",
    "pk": 8,
    "fields": {
      "tag": 3,
      "content_type": 10,
      "object_id": 11
    }
  },
  {
    "model": "taggit.taggeditem",
    "pk": 9,
    "fields": {
      "tag": 3,
      "content_type": 10,
      "object_id": 12
    }
  },
  {
    "model": "taggit.taggeditem",
    "pk": 10,
    "fields": {
      "tag": 3,
      "content_type": 10,
      "object_id": 13
    }
  },
  {
    "model": "taggit.taggeditem",
    "pk": 12,
    "fields": {
      "tag": 5,
      "content_type": 10,
      "object_id": 14
    }
  },
  {
    "model": "taggit.taggeditem",
    "pk": 13,
    "fields": {
      "tag": 6,
      "content_type": 10,
      "object_id": 15
    }
  },
  {
    "model": "taggit.taggeditem",
    "pk": 14,
    "fields": {
      "tag": 6,
      "content_type": 10,
      "object_id": 16
    }
  },
  {
    "model": "taggit.taggeditem",
    "pk": 15,
    "fields": {
      "tag": 6,
      "content_type": 10,
      "object_id": 17
    }
  },
  {
    "model": "taggit.taggeditem",
    "pk": 16,
    "fields": {
      "tag": 7,
      "content_type": 10,
      "object_id": 18
    }
  },
  {
    "model": "taggit.taggeditem",
    "pk": 17,
    "fields": {
      "tag": 7,
      "content_type": 10,
      "object_id": 19
    }
  },
  {
    "model": "taggit.taggeditem",
    "pk": 18,
    "fields": {
      "tag": 7,
      "content_type": 10,
      "object_id": 20
    }
  },
  {
    "model": "taggit.taggeditem",
    "pk": 19,
    "fields": {
      "tag": 7,
      "content_type": 10,
      "object_id": 21
    }
  },
  {
    "model": "taggit.taggeditem",
    "pk": 20,
    "fields": {
      "tag": 8,
      "content_type": 10,
      "object_id": 22
    }
  },
  {
    "model": "taggit.taggeditem",
    "pk": 21,
    "fields": {
      "tag": 2,
      "content_type": 10,
      "object_id": 23
    }
  },
  {
    "model": "accounts.user",
    "pk": 1,
    "fields": {
      "password": "pbkdf2_sha256$600000$yNp2GkipWEt6ma4RjS0HoQ$js5hxkabo6wA99f8jJS67hzl1vDWzP1VUghC501B1n4=",
      "last_login": "2023-12-10T07:43:47.007Z",
      "is_superuser": true,
      "first_name": "risha",
      "last_name": "Rss",
      "is_staff": true,
      "is_active": true,
      "date_joined": "2023-11-28T07:00:14.296Z",
      "phone": "+642102001727",
      "email": "rs@local.test",
      "username": "rs",
      "groups": [],
      "user_permissions": []
    }
  },
  {
    "model": "accounts.user",
    "pk": 2,
    "fields": {
      "password": "pbkdf2_sha256$600000$CS5vgSvVfoqhv7QdO8tYJv$vfJtKwWOSi8bRUlLoHFBzHs3wv0C5S+HRH41qFzWHM4=",
      "last_login": "2023-11-29T09:48:45.271Z",
      "is_superuser": false,
      "first_name": "",
      "last_name": "",
      "is_staff": false,
      "is_active": true,
      "date_joined": "2023-11-28T09:30:14.184Z",
      "phone": "+13157951115",
      "email": "risha@test.local",
      "username": "risha",
      "groups": [],
      "user_permissions": []
    }
  },
  {
    "model": "accounts.user",
    "pk": 3,
    "fields": {
      "password": "pbkdf2_sha256$600000$gDIMqv9ROnTND7bOJeki6n$PA95Z0XEIJ6gXNcB+dTJXygzf/F3nDJ6NvfrcywKSJM=",
      "last_login": "2023-11-29T10:05:48.208Z",
      "is_superuser": false,
      "first_name": "",
      "last_name": "",
      "is_staff": false,
      "is_active": true,
      "date_joined": "2023-11-28T09:35:05.635Z",
      "phone": "+16469061933",
      "email": "risha700@test.local",
      "username": "risha700",
      "groups": [],
      "user_permissions": []
    }
  },
  {
    "model": "accounts.user",
    "pk": 4,
    "fields": {
      "password": "pbkdf2_sha256$600000$6kntPbNeJB05PhvhSfWpfT$6WI+EjL/es20T4fzMoXRRCEzg3ikWmpcxfw3vNEX3cA=",
      "last_login": "2023-12-01T22:27:16.868Z",
      "is_superuser": false,
      "first_name": "",
      "last_name": "",
      "is_staff": false,
      "is_active": true,
      "date_joined": "2023-12-01T22:14:54.353Z",
      "phone": "+642102001728",
      "email": "risha@local.test",
      "username": "ahmed",
      "groups": [],
      "user_permissions": []
    }
  },
  {
    "model": "accounts.user",
    "pk": 5,
    "fields": {
      "password": "pbkdf2_sha256$600000$E9axjPSSgNXBmOYgZK2BR3$DPywcQbOs/kE3VT4q8y7Yrjvru3AD0m1Ko+22Y91f+0=",
      "last_login": "2023-12-04T21:30:20.261Z",
      "is_superuser": false,
      "first_name": "",
      "last_name": "",
      "is_staff": false,
      "is_active": true,
      "date_joined": "2023-12-04T21:29:11.357Z",
      "phone": "+16469061932",
      "email": "tariq@op.nz",
      "username": "tariq",
      "groups": [],
      "user_permissions": []
    }
  },
  {
    "model": "accounts.user",
    "pk": 6,
    "fields": {
      "password": "pbkdf2_sha256$600000$gPOT47WjB6b5NPU3u697Cz$IJWRBx6pbthylo87DNoeBS9piYbYtSFeYJiHSHJ6E2o=",
      "last_login": null,
      "is_superuser": false,
      "first_name": "",
      "last_name": "",
      "is_staff": false,
      "is_active": true,
      "date_joined": "2023-12-05T02:29:28.114Z",
      "phone": "+642102001777",
      "email": "rich@local.test",
      "username": "rich",
      "groups": [],
      "user_permissions": []
    }
  },
  {
    "model": "accounts.profile",
    "pk": 1,
    "fields": {
      "user": 1,
      "date_of_birth": null,
      "photo": "",
      "email_verified": true,
      "phone_verified": false,
      "temp_token": {},
      "preference": {}
    }
  },
  {
    "model": "accounts.profile",
    "pk": 2,
    "fields": {
      "user": 2,
      "date_of_birth": null,
      "photo": "",
      "email_verified": true,
      "phone_verified": false,
      "temp_token": {},
      "preference": {}
    }
  },
  {
    "model": "accounts.profile",
    "pk": 3,
    "fields": {
      "user": 3,
      "date_of_birth": null,
      "photo": "",
      "email_verified": true,
      "phone_verified": false,
      "temp_token": {},
      "preference": {}
    }
  },
  {
    "model": "accounts.profile",
    "pk": 4,
    "fields": {
      "user": 4,
      "date_of_birth": null,
      "photo": "",
      "email_verified": true,
      "phone_verified": false,
      "temp_token": {},
      "preference": {}
    }
  },
  {
    "model": "accounts.profile",
    "pk": 5,
    "fields": {
      "user": 5,
      "date_of_birth": null,
      "photo": "",
      "email_verified": true,
      "phone_verified": false,
      "temp_token": {},
      "preference": {}
    }
  },
  {
    "model": "accounts.profile",
    "pk": 6,
    "fields": {
      "user": 6,
      "date_of_birth": null,
      "photo": "",
      "email_verified": false,
      "phone_verified": false,
      "temp_token": {},
      "preference": {}
    }
  },
  {
    "model": "shop.product",
    "pk": 5,
    "fields": {
      "name": "Pizza Margreta",
      "slug": "pizza-margreta",
      "type": "SALE",
      "price": "10.99",
      "stock": 100,
      "description": "Pizza margreta all in one",
      "published": true,
      "featured": false,
      "info": {},
      "created": "2023-12-02T03:05:19.572Z",
      "updated": "2023-12-03T03:59:20.714Z",
      "cover_image": "uploads/products/pizza_margreta.png"
    }
  },
  {
    "model": "shop.product",
    "pk": 6,
    "fields": {
      "name": "Pizza Pepperoni",
      "slug": "pizza-pepperoni",
      "type": "SALE",
      "price": "14.99",
      "stock": 100,
      "description": "Perpps",
      "published": true,
      "featured": false,
      "info": {},
      "created": "2023-12-02T03:05:47.209Z",
      "updated": "2023-12-03T03:58:37.660Z",
      "cover_image": "uploads/products/pepperoni_pizza.jpg"
    }
  },
  {
    "model": "shop.product",
    "pk": 7,
    "fields": {
      "name": "Sprite 500ml",
      "slug": "sprite-500ml",
      "type": "SALE",
      "price": "2.49",
      "stock": 1000,
      "description": "",
      "published": true,
      "featured": false,
      "info": {},
      "created": "2023-12-02T03:06:30.395Z",
      "updated": "2023-12-04T13:56:36.645Z",
      "cover_image": "uploads/products/sprite.png"
    }
  },
  {
    "model": "shop.product",
    "pk": 8,
    "fields": {
      "name": "Coke",
      "slug": "coke",
      "type": "SALE",
      "price": "2.99",
      "stock": 1000,
      "description": "",
      "published": true,
      "featured": false,
      "info": {},
      "created": "2023-12-03T10:19:15.436Z",
      "updated": "2023-12-10T00:48:17.280Z",
      "cover_image": "uploads/products/dpz-coke.png"
    }
  },
  {
    "model": "shop.product",
    "pk": 9,
    "fields": {
      "name": "Cheddar Pizza",
      "slug": "cheddar-pizza",
      "type": "SALE",
      "price": "10.99",
      "stock": 1000,
      "description": "",
      "published": true,
      "featured": false,
      "info": {},
      "created": "2023-12-03T10:20:22.765Z",
      "updated": "2023-12-04T14:39:05.082Z",
      "cover_image": "uploads/products/build.png"
    }
  },
  {
    "model": "shop.product",
    "pk": 10,
    "fields": {
      "name": "Beef",
      "slug": "beef",
      "type": "SALE",
      "price": "2.99",
      "stock": 1000,
      "description": "",
      "published": true,
      "featured": false,
      "info": {},
      "created": "2023-12-03T10:21:32.719Z",
      "updated": "2023-12-04T14:39:11.347Z",
      "cover_image": "uploads/products/mince_beef.png"
    }
  },
  {
    "model": "shop.product",
    "pk": 11,
    "fields": {
      "name": "Mushrooms",
      "slug": "mushrooms",
      "type": "SALE",
      "price": "1.99",
      "stock": 10000,
      "description": "",
      "published": true,
      "featured": false,
      "info": {},
      "created": "2023-12-03T10:21:58.561Z",
      "updated": "2023-12-04T14:39:18.710Z",
      "cover_image": "uploads/products/M-1.png"
    }
  },
  {
    "model": "shop.product",
    "pk": 12,
    "fields": {
      "name": "Pepperonis",
      "slug": "pepperonis",
      "type": "SALE",
      "price": "1.89",
      "stock": 1000,
      "description": "",
      "published": true,
      "featured": false,
      "info": {},
      "created": "2023-12-03T10:22:43.694Z",
      "updated": "2023-12-04T14:39:23.585Z",
      "cover_image": "uploads/products/P-2.png"
    }
  },
  {
    "model": "shop.product",
    "pk": 13,
    "fields": {
      "name": "Jalapeos",
      "slug": "jalapenos",
      "type": "SALE",
      "price": "1.59",
      "stock": 10000,
      "description": "",
      "published": true,
      "featured": false,
      "info": {},
      "created": "2023-12-03T10:23:14.933Z",
      "updated": "2023-12-04T14:39:28.960Z",
      "cover_image": "uploads/products/J-1.png"
    }
  },
  {
    "model": "shop.product",
    "pk": 14,
    "fields": {
      "name": "Loaded Chicken",
      "slug": "loaded-chicken",
      "type": "SALE",
      "price": "7.89",
      "stock": 10000,
      "description": "",
      "published": true,
      "featured": false,
      "info": {},
      "created": "2023-12-03T10:24:09.064Z",
      "updated": "2023-12-04T14:39:35.810Z",
      "cover_image": "uploads/products/chicken.png"
    }
  },
  {
    "model": "shop.product",
    "pk": 15,
    "fields": {
      "name": "XLarge",
      "slug": "xlarge",
      "type": "SALE",
      "price": "2.99",
      "stock": 10000,
      "description": "",
      "published": true,
      "featured": false,
      "info": {},
      "created": "2023-12-03T10:27:56.815Z",
      "updated": "2023-12-04T14:39:38.948Z",
      "cover_image": ""
    }
  },
  {
    "model": "shop.product",
    "pk": 16,
    "fields": {
      "name": "Large",
      "slug": "large",
      "type": "SALE",
      "price": "1.99",
      "stock": 10000,
      "description": "",
      "published": true,
      "featured": false,
      "info": {},
      "created": "2023-12-03T10:28:13.465Z",
      "updated": "2023-12-04T14:39:42.432Z",
      "cover_image": ""
    }
  },
  {
    "model": "shop.product",
    "pk": 17,
    "fields": {
      "name": "Small",
      "slug": "small",
      "type": "SALE",
      "price": "1.59",
      "stock": 1000,
      "description": "",
      "published": true,
      "featured": false,
      "info": {},
      "created": "2023-12-03T10:28:27.114Z",
      "updated": "2023-12-04T14:39:46.142Z",
      "cover_image": ""
    }
  },
  {
    "model": "shop.product",
    "pk": 18,
    "fields": {
      "name": "Thin Crust",
      "slug": "thin-crust",
      "type": "SALE",
      "price": "1.19",
      "stock": 10000,
      "description": "",
      "published": true,
      "featured": false,
      "info": {},
      "created": "2023-12-03T10:29:14.657Z",
      "updated": "2023-12-04T14:39:49.326Z",
      "cover_image": "uploads/products/THIN.png"
    }
  },
  {
    "model": "shop.product",
    "pk": 19,
    "fields": {
      "name": "Pan",
      "slug": "pan",
      "type": "SALE",
      "price": "1.89",
      "stock": 10000,
      "description": "",
      "published": true,
      "featured": false,
      "info": {},
      "created": "2023-12-03T10:29:42.852Z",
      "updated": "2023-12-04T14:39:52.397Z",
      "cover_image": "uploads/products/PAN.png"
    }
  },
  {
    "model": "shop.product",
    "pk": 20,
    "fields": {
      "name": "Hand Tossed",
      "slug": "hand-tossed",
      "type": "SALE",
      "price": "3.79",
      "stock": 10000,
      "description": "",
      "published": true,
      "featured": false,
      "info": {},
      "created": "2023-12-03T10:30:08.496Z",
      "updated": "2023-12-04T14:39:55.256Z",
      "cover_image": "uploads/products/HANDTOSS.png"
    }
  },
  {
    "model": "shop.product",
    "pk": 21,
    "fields": {
      "name": "Brooklyn Crust",
      "slug": "brooklyn-crust",
      "type": "SALE",
      "price": "2.58",
      "stock": 10000,
      "description": "",
      "published": true,
      "featured": false,
      "info": {},
      "created": "2023-12-03T10:30:32.477Z",
      "updated": "2023-12-10T07:44:44.151Z",
      "cover_image": "uploads/products/BK_PA3zy7k.png"
    }
  },
  {
    "model": "shop.product",
    "pk": 22,
    "fields": {
      "name": "Lava Cake",
      "slug": "lava-cake",
      "type": "SALE",
      "price": "5.99",
      "stock": 10000,
      "description": "",
      "published": true,
      "featured": false,
      "info": {},
      "created": "2023-12-03T10:31:24.574Z",
      "updated": "2023-12-04T14:40:01.096Z",
      "cover_image": "uploads/products/dessert.png"
    }
  },
  {
    "model": "shop.product",
    "pk": 23,
    "fields": {
      "name": "Orange Juice",
      "slug": "orange-juice",
      "type": "SALE",
      "price": "2.99",
      "stock": 1000,
      "description": "",
      "published": true,
      "featured": false,
      "info": {},
      "created": "2023-12-04T21:34:17.037Z",
      "updated": "2023-12-10T00:51:00.480Z",
      "cover_image": "uploads/products/build_vLPb96I.png"
    }
  },
  {
    "model": "shop.order",
    "pk": 1,
    "fields": {
      "identifier": "669d0a93-ad6a-43a1-89a4-345f0143d13c",
      "email": "nomail@store.localg",
      "phone": null,
      "created": "2023-11-29T10:04:11.150Z",
      "updated": "2023-12-08T22:11:54.925Z",
      "paid": false,
      "payment_method": null,
      "status": "('PENDING', 'pending')",
      "coupon": null,
      "billing_address": null,
      "shipping_address": null
    }
  },
  {
    "model": "shop.order",
    "pk": 2,
    "fields": {
      "identifier": "38f8b494-876d-4e41-b5d5-302c81984b75",
      "email": "risha@test.local",
      "phone": null,
      "created": "2023-11-29T10:23:22.114Z",
      "updated": "2023-11-29T10:23:22.114Z",
      "paid": false,
      "payment_method": null,
      "status": "('PENDING', 'pending')",
      "coupon": null,
      "billing_address": null,
      "shipping_address": null
    }
  },
  {
    "model": "shop.order",
    "pk": 3,
    "fields": {
      "identifier": "6d12aaf5-f3d8-4703-8048-bdcd83d702a1",
      "email": "nomail@store.test",
      "phone": null,
      "created": "2023-12-04T12:15:56.678Z",
      "updated": "2023-12-04T12:18:30.756Z",
      "paid": false,
      "payment_method": null,
      "status": "('PENDING', 'pending')",
      "coupon": null,
      "billing_address": null,
      "shipping_address": null
    }
  },
  {
    "model": "shop.order",
    "pk": 4,
    "fields": {
      "identifier": "276a3c78-53aa-4731-b211-058411790ec6",
      "email": "test@store.local",
      "phone": null,
      "created": "2023-12-04T14:27:43.117Z",
      "updated": "2023-12-04T14:27:43.117Z",
      "paid": false,
      "payment_method": null,
      "status": "('PENDING', 'pending')",
      "coupon": null,
      "billing_address": null,
      "shipping_address": null
    }
  },
  {
    "model": "shop.order",
    "pk": 5,
    "fields": {
      "identifier": "38bacf2e-f420-42da-b6e9-262b0d9d5a3a",
      "email": "test@store.local",
      "phone": null,
      "created": "2023-12-04T14:28:47.703Z",
      "updated": "2023-12-04T14:28:47.703Z",
      "paid": false,
      "payment_method": null,
      "status": "('PENDING', 'pending')",
      "coupon": null,
      "billing_address": null,
      "shipping_address": null
    }
  },
  {
    "model": "shop.order",
    "pk": 6,
    "fields": {
      "identifier": "ba017800-6a83-4116-8ef8-bbac2abcc0b5",
      "email": "test@store.local",
      "phone": null,
      "created": "2023-12-04T14:34:14.163Z",
      "updated": "2023-12-04T14:34:14.163Z",
      "paid": false,
      "payment_method": null,
      "status": "('PENDING', 'pending')",
      "coupon": null,
      "billing_address": null,
      "shipping_address": null
    }
  },
  {
    "model": "shop.order",
    "pk": 7,
    "fields": {
      "identifier": "65f9f981-84d0-4493-9cd5-0527f391c584",
      "email": "test@store.local",
      "phone": null,
      "created": "2023-12-04T14:35:02.246Z",
      "updated": "2023-12-04T14:35:02.246Z",
      "paid": false,
      "payment_method": null,
      "status": "('PENDING', 'pending')",
      "coupon": null,
      "billing_address": null,
      "shipping_address": null
    }
  },
  {
    "model": "shop.order",
    "pk": 8,
    "fields": {
      "identifier": "1e4c48ff-67f3-4770-967a-b2733c3d4486",
      "email": "test@store.local",
      "phone": null,
      "created": "2023-12-04T14:36:01.190Z",
      "updated": "2023-12-04T14:36:01.190Z",
      "paid": false,
      "payment_method": null,
      "status": "('PENDING', 'pending')",
      "coupon": null,
      "billing_address": null,
      "shipping_address": null
    }
  },
  {
    "model": "shop.order",
    "pk": 9,
    "fields": {
      "identifier": "eab31675-9ef0-46d8-9eca-61d2df411e0b",
      "email": "test@store.local",
      "phone": null,
      "created": "2023-12-04T14:36:56.155Z",
      "updated": "2023-12-04T14:36:56.155Z",
      "paid": false,
      "payment_method": null,
      "status": "('PENDING', 'pending')",
      "coupon": null,
      "billing_address": null,
      "shipping_address": null
    }
  },
  {
    "model": "shop.order",
    "pk": 10,
    "fields": {
      "identifier": "6c816415-faf1-44b2-95f3-482e405029e1",
      "email": "test@store.local",
      "phone": null,
      "created": "2023-12-04T14:37:38.049Z",
      "updated": "2023-12-04T14:54:38.572Z",
      "paid": false,
      "payment_method": null,
      "status": "('PENDING', 'pending')",
      "coupon": null,
      "billing_address": null,
      "shipping_address": null
    }
  },
  {
    "model": "shop.order",
    "pk": 11,
    "fields": {
      "identifier": "afdefa25-148c-4718-8b44-f24bf1fefcbc",
      "email": "test@store.local",
      "phone": null,
      "created": "2023-12-04T14:55:21.908Z",
      "updated": "2023-12-04T14:55:21.908Z",
      "paid": false,
      "payment_method": null,
      "status": "('PENDING', 'pending')",
      "coupon": null,
      "billing_address": null,
      "shipping_address": null
    }
  },
  {
    "model": "shop.order",
    "pk": 12,
    "fields": {
      "identifier": "b3de14f0-f5fa-48fd-bd62-b2c43c343f7b",
      "email": "test@store.local",
      "phone": null,
      "created": "2023-12-04T15:06:46.681Z",
      "updated": "2023-12-04T15:08:11.650Z",
      "paid": false,
      "payment_method": null,
      "status": "('PENDING', 'pending')",
      "coupon": null,
      "billing_address": null,
      "shipping_address": null
    }
  },
  {
    "model": "shop.order",
    "pk": 13,
    "fields": {
      "identifier": "5d71421e-135f-4283-89f1-b0d2089b2db0",
      "email": "test@store.local",
      "phone": null,
      "created": "2023-12-04T15:19:33.020Z",
      "updated": "2023-12-04T15:19:33.020Z",
      "paid": false,
      "payment_method": null,
      "status": "('PENDING', 'pending')",
      "coupon": null,
      "billing_address": null,
      "shipping_address": null
    }
  },
  {
    "model": "shop.order",
    "pk": 14,
    "fields": {
      "identifier": "a2cb2d2c-3dde-4358-a345-0d3cd65b3542",
      "email": "test@store.local",
      "phone": null,
      "created": "2023-12-04T17:02:50.386Z",
      "updated": "2023-12-04T17:02:50.386Z",
      "paid": false,
      "payment_method": null,
      "status": "('PENDING', 'pending')",
      "coupon": null,
      "billing_address": null,
      "shipping_address": null
    }
  },
  {
    "model": "shop.order",
    "pk": 15,
    "fields": {
      "identifier": "c4c77b24-7271-4755-8bc2-1615caca8f12",
      "email": "test@store.local",
      "phone": null,
      "created": "2023-12-04T17:22:48.259Z",
      "updated": "2023-12-04T17:22:48.259Z",
      "paid": false,
      "payment_method": null,
      "status": "('PENDING', 'pending')",
      "coupon": null,
      "billing_address": null,
      "shipping_address": null
    }
  },
  {
    "model": "shop.order",
    "pk": 16,
    "fields": {
      "identifier": "50a41a06-d423-470c-aa88-f74fc29aa481",
      "email": "guestuser@mystore.com",
      "phone": null,
      "created": "2023-12-04T17:27:07.623Z",
      "updated": "2023-12-04T17:27:07.623Z",
      "paid": false,
      "payment_method": null,
      "status": "('PENDING', 'pending')",
      "coupon": null,
      "billing_address": null,
      "shipping_address": null
    }
  },
  {
    "model": "shop.order",
    "pk": 17,
    "fields": {
      "identifier": "32b182c2-9ec0-4c49-825e-fc9fccd1953c",
      "email": "ahbox@outlook.com",
      "phone": null,
      "created": "2023-12-04T17:29:31.208Z",
      "updated": "2023-12-04T17:33:17.887Z",
      "paid": true,
      "payment_method": null,
      "status": "('COMPLETED', 'completed')",
      "coupon": null,
      "billing_address": null,
      "shipping_address": null
    }
  },
  {
    "model": "shop.order",
    "pk": 18,
    "fields": {
      "identifier": "932bbe71-490e-4643-ac50-1bb6a9970390",
      "email": "ahbox@outlook.com",
      "phone": null,
      "created": "2023-12-04T18:37:16.448Z",
      "updated": "2023-12-04T18:37:31.879Z",
      "paid": true,
      "payment_method": null,
      "status": "('COMPLETED', 'completed')",
      "coupon": null,
      "billing_address": null,
      "shipping_address": null
    }
  },
  {
    "model": "shop.order",
    "pk": 19,
    "fields": {
      "identifier": "5f26419b-7be5-40ae-9c46-3be017fa2383",
      "email": "ahbox@outlook.com",
      "phone": null,
      "created": "2023-12-04T18:43:37.655Z",
      "updated": "2023-12-04T19:11:53.452Z",
      "paid": true,
      "payment_method": null,
      "status": "('COMPLETED', 'completed')",
      "coupon": null,
      "billing_address": null,
      "shipping_address": null
    }
  },
  {
    "model": "shop.order",
    "pk": 20,
    "fields": {
      "identifier": "b827ab4b-494f-4aec-bde3-17715d362dcd",
      "email": "ahbox@outlook.com",
      "phone": null,
      "created": "2023-12-04T19:33:03.517Z",
      "updated": "2023-12-04T21:05:19.496Z",
      "paid": true,
      "payment_method": null,
      "status": "('COMPLETED', 'completed')",
      "coupon": null,
      "billing_address": null,
      "shipping_address": null
    }
  },
  {
    "model": "shop.order",
    "pk": 21,
    "fields": {
      "identifier": "26942bcb-7831-441f-9ff9-2bbbbda7f8bb",
      "email": "ahbox@outlook.com",
      "phone": null,
      "created": "2023-12-04T21:14:40.261Z",
      "updated": "2023-12-04T21:14:40.261Z",
      "paid": false,
      "payment_method": null,
      "status": "('PENDING', 'pending')",
      "coupon": null,
      "billing_address": null,
      "shipping_address": null
    }
  },
  {
    "model": "shop.order",
    "pk": 22,
    "fields": {
      "identifier": "836a5e71-34ea-488f-a86c-1e875d3cf63f",
      "email": "ahbox@outlook.com",
      "phone": null,
      "created": "2023-12-04T21:14:49.860Z",
      "updated": "2023-12-04T21:14:49.860Z",
      "paid": false,
      "payment_method": null,
      "status": "('PENDING', 'pending')",
      "coupon": null,
      "billing_address": null,
      "shipping_address": null
    }
  },
  {
    "model": "shop.order",
    "pk": 23,
    "fields": {
      "identifier": "2fceb75e-6bc1-4132-a11a-7e4c435f80f7",
      "email": "ahbox@outlook.com",
      "phone": null,
      "created": "2023-12-04T21:15:37.667Z",
      "updated": "2023-12-04T21:15:37.667Z",
      "paid": false,
      "payment_method": null,
      "status": "('PENDING', 'pending')",
      "coupon": null,
      "billing_address": null,
      "shipping_address": null
    }
  },
  {
    "model": "shop.order",
    "pk": 24,
    "fields": {
      "identifier": "73e40b4f-ed54-45f8-84a2-69c0449dc0ed",
      "email": "ahbox@outlook.com",
      "phone": null,
      "created": "2023-12-04T21:16:19.363Z",
      "updated": "2023-12-04T21:16:19.364Z",
      "paid": false,
      "payment_method": null,
      "status": "('PENDING', 'pending')",
      "coupon": null,
      "billing_address": null,
      "shipping_address": null
    }
  },
  {
    "model": "shop.order",
    "pk": 25,
    "fields": {
      "identifier": "1ec4a0b0-1cc7-45ee-82cd-e69949ef87e2",
      "email": "ahbox@outlook.com",
      "phone": null,
      "created": "2023-12-04T21:17:01.146Z",
      "updated": "2023-12-04T21:17:01.146Z",
      "paid": false,
      "payment_method": null,
      "status": "('PENDING', 'pending')",
      "coupon": null,
      "billing_address": null,
      "shipping_address": null
    }
  },
  {
    "model": "shop.order",
    "pk": 26,
    "fields": {
      "identifier": "66bf876e-0c7f-4b5a-9135-e470a9f77537",
      "email": "ahbox@outlook.com",
      "phone": null,
      "created": "2023-12-04T21:17:44.835Z",
      "updated": "2023-12-04T21:17:44.835Z",
      "paid": false,
      "payment_method": null,
      "status": "('PENDING', 'pending')",
      "coupon": null,
      "billing_address": null,
      "shipping_address": null
    }
  },
  {
    "model": "shop.order",
    "pk": 27,
    "fields": {
      "identifier": "56d640f8-f45e-4531-a744-f5acd6b2aa58",
      "email": "ahbox@outlook.com",
      "phone": null,
      "created": "2023-12-04T21:32:18.496Z",
      "updated": "2023-12-04T21:32:38.232Z",
      "paid": true,
      "payment_method": null,
      "status": "('COMPLETED', 'completed')",
      "coupon": null,
      "billing_address": null,
      "shipping_address": null
    }
  },
  {
    "model": "shop.order",
    "pk": 28,
    "fields": {
      "identifier": "999cd70a-242f-4f16-bfb2-d00c11a34050",
      "email": "ahbox@outlook.com",
      "phone": null,
      "created": "2023-12-07T22:10:53.465Z",
      "updated": "2023-12-07T22:47:34.275Z",
      "paid": false,
      "payment_method": null,
      "status": "('PENDING', 'pending')",
      "coupon": null,
      "billing_address": null,
      "shipping_address": null
    }
  },
  {
    "model": "shop.order",
    "pk": 29,
    "fields": {
      "identifier": "757d06ea-6d60-4cd3-b068-394eb018b7ed",
      "email": "ahbox@outlook.com",
      "phone": null,
      "created": "2023-12-07T22:52:24.297Z",
      "updated": "2023-12-07T22:52:24.297Z",
      "paid": false,
      "payment_method": null,
      "status": "('PENDING', 'pending')",
      "coupon": null,
      "billing_address": null,
      "shipping_address": null
    }
  },
  {
    "model": "shop.order",
    "pk": 30,
    "fields": {
      "identifier": "75780442-00ec-416a-8df8-94080112a3cd",
      "email": "ahbox@outlook.com",
      "phone": null,
      "created": "2023-12-07T22:52:30.465Z",
      "updated": "2023-12-07T22:52:30.465Z",
      "paid": false,
      "payment_method": null,
      "status": "('PENDING', 'pending')",
      "coupon": null,
      "billing_address": null,
      "shipping_address": null
    }
  },
  {
    "model": "shop.order",
    "pk": 31,
    "fields": {
      "identifier": "78b762b7-201d-488a-b0c7-07e3a59171ce",
      "email": "ahbox@outlook.com",
      "phone": null,
      "created": "2023-12-07T22:53:30.501Z",
      "updated": "2023-12-07T22:53:30.501Z",
      "paid": false,
      "payment_method": null,
      "status": "('PENDING', 'pending')",
      "coupon": null,
      "billing_address": null,
      "shipping_address": null
    }
  },
  {
    "model": "shop.order",
    "pk": 32,
    "fields": {
      "identifier": "42a0b80f-d46b-4844-bcf9-bdeba4424826",
      "email": "ahbox@outlook.com",
      "phone": null,
      "created": "2023-12-07T23:01:01.264Z",
      "updated": "2023-12-07T23:08:49.663Z",
      "paid": false,
      "payment_method": null,
      "status": "('PENDING', 'pending')",
      "coupon": null,
      "billing_address": null,
      "shipping_address": null
    }
  },
  {
    "model": "shop.order",
    "pk": 33,
    "fields": {
      "identifier": "6c93ca0f-64b9-4683-a25f-0ceee2af3dd0",
      "email": "ahbox@outlook.com",
      "phone": null,
      "created": "2023-12-07T23:12:47.447Z",
      "updated": "2023-12-07T23:44:36.553Z",
      "paid": false,
      "payment_method": null,
      "status": "('PENDING', 'pending')",
      "coupon": null,
      "billing_address": null,
      "shipping_address": null
    }
  },
  {
    "model": "shop.order",
    "pk": 34,
    "fields": {
      "identifier": "6fad1cf3-394f-41e0-bcc4-f80f83a0f210",
      "email": "ahbox@outlook.com",
      "phone": null,
      "created": "2023-12-07T23:45:54.524Z",
      "updated": "2023-12-07T23:49:31.774Z",
      "paid": false,
      "payment_method": null,
      "status": "('PENDING', 'pending')",
      "coupon": null,
      "billing_address": null,
      "shipping_address": null
    }
  },
  {
    "model": "shop.order",
    "pk": 35,
    "fields": {
      "identifier": "a7b18c0a-7026-489e-b9a5-d51cf570aeac",
      "email": "ahbox@outlook.com",
      "phone": null,
      "created": "2023-12-07T23:50:06.811Z",
      "updated": "2023-12-07T23:59:41.893Z",
      "paid": false,
      "payment_method": null,
      "status": "('PENDING', 'pending')",
      "coupon": null,
      "billing_address": null,
      "shipping_address": null
    }
  },
  {
    "model": "shop.order",
    "pk": 36,
    "fields": {
      "identifier": "acdf6a98-61bb-4174-8a05-a2cd7d07ebbd",
      "email": "ahbox@outlook.com",
      "phone": null,
      "created": "2023-12-08T00:01:22.890Z",
      "updated": "2023-12-08T00:05:25.050Z",
      "paid": false,
      "payment_method": null,
      "status": "('PENDING', 'pending')",
      "coupon": null,
      "billing_address": null,
      "shipping_address": null
    }
  },
  {
    "model": "shop.order",
    "pk": 37,
    "fields": {
      "identifier": "6db8326a-7193-4118-8746-0bc7d58e610e",
      "email": "ahbox@outlook.com",
      "phone": null,
      "created": "2023-12-08T00:07:34.307Z",
      "updated": "2023-12-08T00:11:53.803Z",
      "paid": false,
      "payment_method": null,
      "status": "('PENDING', 'pending')",
      "coupon": null,
      "billing_address": null,
      "shipping_address": null
    }
  },
  {
    "model": "shop.order",
    "pk": 38,
    "fields": {
      "identifier": "ec94e1cd-e2b3-44cd-9899-8678a21935f0",
      "email": "ahbox@outlook.com",
      "phone": null,
      "created": "2023-12-08T00:15:12.412Z",
      "updated": "2023-12-08T00:15:12.412Z",
      "paid": false,
      "payment_method": null,
      "status": "('PENDING', 'pending')",
      "coupon": null,
      "billing_address": null,
      "shipping_address": null
    }
  },
  {
    "model": "shop.order",
    "pk": 39,
    "fields": {
      "identifier": "a1eab2e6-0e57-42e0-a89a-1be61a228781",
      "email": "ahbox@outlook.com",
      "phone": null,
      "created": "2023-12-08T00:18:19.376Z",
      "updated": "2023-12-08T02:08:00.361Z",
      "paid": false,
      "payment_method": null,
      "status": "('PENDING', 'pending')",
      "coupon": null,
      "billing_address": null,
      "shipping_address": null
    }
  },
  {
    "model": "shop.order",
    "pk": 40,
    "fields": {
      "identifier": "2301d04a-64d5-4864-ba5d-90725ef4161a",
      "email": "ahbox@outlook.com",
      "phone": null,
      "created": "2023-12-08T02:12:02.595Z",
      "updated": "2023-12-08T02:12:02.595Z",
      "paid": false,
      "payment_method": null,
      "status": "('PENDING', 'pending')",
      "coupon": null,
      "billing_address": null,
      "shipping_address": null
    }
  },
  {
    "model": "shop.order",
    "pk": 41,
    "fields": {
      "identifier": "e1788f15-9d27-497e-a920-93f865b66827",
      "email": "ahbox@outlook.com",
      "phone": null,
      "created": "2023-12-08T02:17:36.964Z",
      "updated": "2023-12-08T02:19:13.254Z",
      "paid": false,
      "payment_method": null,
      "status": "('PENDING', 'pending')",
      "coupon": null,
      "billing_address": null,
      "shipping_address": null
    }
  },
  {
    "model": "shop.order",
    "pk": 42,
    "fields": {
      "identifier": "815c07c8-b89f-409e-a500-7a1baf4945e6",
      "email": "ahbox@outlook.com",
      "phone": null,
      "created": "2023-12-08T06:43:22.441Z",
      "updated": "2023-12-08T06:49:28.853Z",
      "paid": false,
      "payment_method": null,
      "status": "('PENDING', 'pending')",
      "coupon": null,
      "billing_address": null,
      "shipping_address": null
    }
  },
  {
    "model": "shop.order",
    "pk": 43,
    "fields": {
      "identifier": "42458c77-c44c-472c-87a1-90c62b81f343",
      "email": "ahbox@outlook.com",
      "phone": null,
      "created": "2023-12-08T09:04:04.300Z",
      "updated": "2023-12-08T09:18:34.994Z",
      "paid": true,
      "payment_method": null,
      "status": "('COMPLETED', 'completed')",
      "coupon": null,
      "billing_address": null,
      "shipping_address": null
    }
  },
  {
    "model": "shop.order",
    "pk": 44,
    "fields": {
      "identifier": "f88ae7e5-f0cb-4ee6-b430-ec7e638e7743",
      "email": "ahbox@outlook.com",
      "phone": null,
      "created": "2023-12-08T09:23:22.326Z",
      "updated": "2023-12-08T09:23:59.018Z",
      "paid": false,
      "payment_method": null,
      "status": "('PENDING', 'pending')",
      "coupon": null,
      "billing_address": null,
      "shipping_address": null
    }
  },
  {
    "model": "shop.order",
    "pk": 45,
    "fields": {
      "identifier": "8a5b8155-00f1-4382-94cb-bd99ad7c91ab",
      "email": "1702083671422_guest@test.net",
      "phone": null,
      "created": "2023-12-08T09:45:59.526Z",
      "updated": "2023-12-09T01:03:09.297Z",
      "paid": false,
      "payment_method": null,
      "status": "('PENDING', 'pending')",
      "coupon": null,
      "billing_address": null,
      "shipping_address": null
    }
  },
  {
    "model": "shop.order",
    "pk": 46,
    "fields": {
      "identifier": "ac6be06c-8551-43c7-8d60-65c6a6faac57",
      "email": "1702082561713_guest@test.net",
      "phone": null,
      "created": "2023-12-08T23:22:42.015Z",
      "updated": "2023-12-09T00:42:54.398Z",
      "paid": false,
      "payment_method": null,
      "status": "('PENDING', 'pending')",
      "coupon": null,
      "billing_address": null,
      "shipping_address": null
    }
  },
  {
    "model": "shop.order",
    "pk": 47,
    "fields": {
      "identifier": "12860a3b-f6b1-4790-aa20-db9f206b16b8",
      "email": "1702083671422_guest@test.net",
      "phone": null,
      "created": "2023-12-09T01:01:19.857Z",
      "updated": "2023-12-09T04:44:57.616Z",
      "paid": false,
      "payment_method": null,
      "status": "('PENDING', 'pending')",
      "coupon": null,
      "billing_address": null,
      "shipping_address": null
    }
  },
  {
    "model": "shop.order",
    "pk": 48,
    "fields": {
      "identifier": "a00f455d-8cd8-4427-bc4d-6b650fe880ed",
      "email": "1702097137226_guest@test.net",
      "phone": null,
      "created": "2023-12-09T04:45:46.983Z",
      "updated": "2023-12-09T04:54:15.671Z",
      "paid": false,
      "payment_method": null,
      "status": "('PENDING', 'pending')",
      "coupon": null,
      "billing_address": null,
      "shipping_address": null
    }
  },
  {
    "model": "shop.order",
    "pk": 49,
    "fields": {
      "identifier": "9b497ddd-2633-497c-b9dd-67c078c40b06",
      "email": "1702099260564_guest@test.net",
      "phone": null,
      "created": "2023-12-09T05:21:15.891Z",
      "updated": "2023-12-09T05:21:15.891Z",
      "paid": false,
      "payment_method": null,
      "status": "('PENDING', 'pending')",
      "coupon": null,
      "billing_address": null,
      "shipping_address": null
    }
  },
  {
    "model": "shop.order",
    "pk": 50,
    "fields": {
      "identifier": "384560dc-d5cc-49a1-aa1d-959f3f71ac01",
      "email": "1702104737222_guest@test.net",
      "phone": null,
      "created": "2023-12-09T06:53:05.331Z",
      "updated": "2023-12-09T06:59:17.305Z",
      "paid": false,
      "payment_method": null,
      "status": "('PENDING', 'pending')",
      "coupon": null,
      "billing_address": null,
      "shipping_address": null
    }
  },
  {
    "model": "shop.order",
    "pk": 51,
    "fields": {
      "identifier": "8bf514dd-293a-4962-9e6f-ecd518906e9e",
      "email": "1702107178820_guest@test.net",
      "phone": null,
      "created": "2023-12-09T07:33:32.630Z",
      "updated": "2023-12-09T07:34:36.308Z",
      "paid": true,
      "payment_method": null,
      "status": "('COMPLETED', 'completed')",
      "coupon": null,
      "billing_address": null,
      "shipping_address": null
    }
  },
  {
    "model": "shop.order",
    "pk": 52,
    "fields": {
      "identifier": "0e9987db-79bc-4038-8bfb-ede6e6c4eebe",
      "email": "1702169201516_guest@test.net",
      "phone": null,
      "created": "2023-12-10T06:03:28.493Z",
      "updated": "2023-12-10T06:03:28.493Z",
      "paid": false,
      "payment_method": null,
      "status": "('PENDING', 'pending')",
      "coupon": null,
      "billing_address": null,
      "shipping_address": null
    }
  },
  {
    "model": "shop.orderitem",
    "pk": 5,
    "fields": {
      "order": 3,
      "product": 10,
      "price": "2.99",
      "quantity": 1
    }
  },
  {
    "model": "shop.orderitem",
    "pk": 6,
    "fields": {
      "order": 4,
      "product": 6,
      "price": "14.99",
      "quantity": 2
    }
  },
  {
    "model": "shop.orderitem",
    "pk": 7,
    "fields": {
      "order": 4,
      "product": 15,
      "price": "2.99",
      "quantity": 2
    }
  },
  {
    "model": "shop.orderitem",
    "pk": 8,
    "fields": {
      "order": 4,
      "product": 19,
      "price": "1.89",
      "quantity": 2
    }
  },
  {
    "model": "shop.orderitem",
    "pk": 9,
    "fields": {
      "order": 4,
      "product": 13,
      "price": "1.59",
      "quantity": 2
    }
  },
  {
    "model": "shop.orderitem",
    "pk": 10,
    "fields": {
      "order": 4,
      "product": 12,
      "price": "1.89",
      "quantity": 1
    }
  },
  {
    "model": "shop.orderitem",
    "pk": 11,
    "fields": {
      "order": 4,
      "product": 10,
      "price": "2.99",
      "quantity": 1
    }
  },
  {
    "model": "shop.orderitem",
    "pk": 12,
    "fields": {
      "order": 4,
      "product": 11,
      "price": "1.99",
      "quantity": 1
    }
  },
  {
    "model": "shop.orderitem",
    "pk": 13,
    "fields": {
      "order": 4,
      "product": 8,
      "price": "2.99",
      "quantity": 1
    }
  },
  {
    "model": "shop.orderitem",
    "pk": 14,
    "fields": {
      "order": 5,
      "product": 6,
      "price": "14.99",
      "quantity": 1
    }
  },
  {
    "model": "shop.orderitem",
    "pk": 15,
    "fields": {
      "order": 5,
      "product": 15,
      "price": "2.99",
      "quantity": 1
    }
  },
  {
    "model": "shop.orderitem",
    "pk": 16,
    "fields": {
      "order": 5,
      "product": 19,
      "price": "1.89",
      "quantity": 1
    }
  },
  {
    "model": "shop.orderitem",
    "pk": 17,
    "fields": {
      "order": 5,
      "product": 13,
      "price": "1.59",
      "quantity": 1
    }
  },
  {
    "model": "shop.orderitem",
    "pk": 18,
    "fields": {
      "order": 5,
      "product": 12,
      "price": "1.89",
      "quantity": 1
    }
  },
  {
    "model": "shop.orderitem",
    "pk": 19,
    "fields": {
      "order": 5,
      "product": 10,
      "price": "2.99",
      "quantity": 1
    }
  },
  {
    "model": "shop.orderitem",
    "pk": 20,
    "fields": {
      "order": 5,
      "product": 11,
      "price": "1.99",
      "quantity": 1
    }
  },
  {
    "model": "shop.orderitem",
    "pk": 21,
    "fields": {
      "order": 5,
      "product": 8,
      "price": "2.99",
      "quantity": 1
    }
  },
  {
    "model": "shop.orderitem",
    "pk": 22,
    "fields": {
      "order": 6,
      "product": 6,
      "price": "14.99",
      "quantity": 1
    }
  },
  {
    "model": "shop.orderitem",
    "pk": 23,
    "fields": {
      "order": 6,
      "product": 15,
      "price": "2.99",
      "quantity": 1
    }
  },
  {
    "model": "shop.orderitem",
    "pk": 24,
    "fields": {
      "order": 6,
      "product": 19,
      "price": "1.89",
      "quantity": 1
    }
  },
  {
    "model": "shop.orderitem",
    "pk": 25,
    "fields": {
      "order": 6,
      "product": 13,
      "price": "1.59",
      "quantity": 1
    }
  },
  {
    "model": "shop.orderitem",
    "pk": 26,
    "fields": {
      "order": 6,
      "product": 12,
      "price": "1.89",
      "quantity": 1
    }
  },
  {
    "model": "shop.orderitem",
    "pk": 27,
    "fields": {
      "order": 6,
      "product": 10,
      "price": "2.99",
      "quantity": 1
    }
  },
  {
    "model": "shop.orderitem",
    "pk": 28,
    "fields": {
      "order": 6,
      "product": 11,
      "price": "1.99",
      "quantity": 1
    }
  },
  {
    "model": "shop.orderitem",
    "pk": 29,
    "fields": {
      "order": 6,
      "product": 8,
      "price": "2.99",
      "quantity": 1
    }
  },
  {
    "model": "shop.orderitem",
    "pk": 30,
    "fields": {
      "order": 7,
      "product": 6,
      "price": "14.99",
      "quantity": 1
    }
  },
  {
    "model": "shop.orderitem",
    "pk": 31,
    "fields": {
      "order": 7,
      "product": 15,
      "price": "2.99",
      "quantity": 1
    }
  },
  {
    "model": "shop.orderitem",
    "pk": 32,
    "fields": {
      "order": 7,
      "product": 19,
      "price": "1.89",
      "quantity": 1
    }
  },
  {
    "model": "shop.orderitem",
    "pk": 33,
    "fields": {
      "order": 7,
      "product": 13,
      "price": "1.59",
      "quantity": 1
    }
  },
  {
    "model": "shop.orderitem",
    "pk": 34,
    "fields": {
      "order": 7,
      "product": 12,
      "price": "1.89",
      "quantity": 1
    }
  },
  {
    "model": "shop.orderitem",
    "pk": 35,
    "fields": {
      "order": 7,
      "product": 10,
      "price": "2.99",
      "quantity": 1
    }
  },
  {
    "model": "shop.orderitem",
    "pk": 36,
    "fields": {
      "order": 7,
      "product": 11,
      "price": "1.99",
      "quantity": 1
    }
  },
  {
    "model": "shop.orderitem",
    "pk": 37,
    "fields": {
      "order": 8,
      "product": 6,
      "price": "14.99",
      "quantity": 1
    }
  },
  {
    "model": "shop.orderitem",
    "pk": 38,
    "fields": {
      "order": 8,
      "product": 15,
      "price": "2.99",
      "quantity": 1
    }
  },
  {
    "model": "shop.orderitem",
    "pk": 39,
    "fields": {
      "order": 8,
      "product": 19,
      "price": "1.89",
      "quantity": 1
    }
  },
  {
    "model": "shop.orderitem",
    "pk": 40,
    "fields": {
      "order": 8,
      "product": 13,
      "price": "1.59",
      "quantity": 1
    }
  },
  {
    "model": "shop.orderitem",
    "pk": 41,
    "fields": {
      "order": 8,
      "product": 12,
      "price": "1.89",
      "quantity": 1
    }
  },
  {
    "model": "shop.orderitem",
    "pk": 42,
    "fields": {
      "order": 8,
      "product": 10,
      "price": "2.99",
      "quantity": 1
    }
  },
  {
    "model": "shop.orderitem",
    "pk": 43,
    "fields": {
      "order": 8,
      "product": 11,
      "price": "1.99",
      "quantity": 1
    }
  },
  {
    "model": "shop.orderitem",
    "pk": 44,
    "fields": {
      "order": 9,
      "product": 6,
      "price": "14.99",
      "quantity": 1
    }
  },
  {
    "model": "shop.orderitem",
    "pk": 45,
    "fields": {
      "order": 9,
      "product": 15,
      "price": "2.99",
      "quantity": 1
    }
  },
  {
    "model": "shop.orderitem",
    "pk": 46,
    "fields": {
      "order": 9,
      "product": 19,
      "price": "1.89",
      "quantity": 1
    }
  },
  {
    "model": "shop.orderitem",
    "pk": 47,
    "fields": {
      "order": 9,
      "product": 13,
      "price": "1.59",
      "quantity": 1
    }
  },
  {
    "model": "shop.orderitem",
    "pk": 48,
    "fields": {
      "order": 9,
      "product": 12,
      "price": "1.89",
      "quantity": 1
    }
  },
  {
    "model": "shop.orderitem",
    "pk": 49,
    "fields": {
      "order": 9,
      "product": 10,
      "price": "2.99",
      "quantity": 1
    }
  },
  {
    "model": "shop.orderitem",
    "pk": 50,
    "fields": {
      "order": 9,
      "product": 11,
      "price": "1.99",
      "quantity": 1
    }
  },
  {
    "model": "shop.orderitem",
    "pk": 135,
    "fields": {
      "order": 10,
      "product": 6,
      "price": "14.99",
      "quantity": 14
    }
  },
  {
    "model": "shop.orderitem",
    "pk": 136,
    "fields": {
      "order": 10,
      "product": 15,
      "price": "2.99",
      "quantity": 14
    }
  },
  {
    "model": "shop.orderitem",
    "pk": 137,
    "fields": {
      "order": 10,
      "product": 19,
      "price": "1.89",
      "quantity": 14
    }
  },
  {
    "model": "shop.orderitem",
    "pk": 138,
    "fields": {
      "order": 10,
      "product": 13,
      "price": "1.59",
      "quantity": 14
    }
  },
  {
    "model": "shop.orderitem",
    "pk": 139,
    "fields": {
      "order": 10,
      "product": 12,
      "price": "1.89",
      "quantity": 13
    }
  },
  {
    "model": "shop.orderitem",
    "pk": 140,
    "fields": {
      "order": 10,
      "product": 10,
      "price": "2.99",
      "quantity": 13
    }
  },
  {
    "model": "shop.orderitem",
    "pk": 141,
    "fields": {
      "order": 10,
      "product": 11,
      "price": "1.99",
      "quantity": 13
    }
  },
  {
    "model": "shop.orderitem",
    "pk": 142,
    "fields": {
      "order": 11,
      "product": 6,
      "price": "14.99",
      "quantity": 1
    }
  },
  {
    "model": "shop.orderitem",
    "pk": 143,
    "fields": {
      "order": 11,
      "product": 15,
      "price": "2.99",
      "quantity": 2
    }
  },
  {
    "model": "shop.orderitem",
    "pk": 144,
    "fields": {
      "order": 11,
      "product": 19,
      "price": "1.89",
      "quantity": 1
    }
  },
  {
    "model": "shop.orderitem",
    "pk": 145,
    "fields": {
      "order": 11,
      "product": 13,
      "price": "1.59",
      "quantity": 2
    }
  },
  {
    "model": "shop.orderitem",
    "pk": 146,
    "fields": {
      "order": 11,
      "product": 12,
      "price": "1.89",
      "quantity": 1
    }
  },
  {
    "model": "shop.orderitem",
    "pk": 147,
    "fields": {
      "order": 11,
      "product": 10,
      "price": "2.99",
      "quantity": 1
    }
  },
  {
    "model": "shop.orderitem",
    "pk": 148,
    "fields": {
      "order": 11,
      "product": 11,
      "price": "1.99",
      "quantity": 2
    }
  },
  {
    "model": "shop.orderitem",
    "pk": 149,
    "fields": {
      "order": 11,
      "product": 9,
      "price": "10.99",
      "quantity": 1
    }
  },
  {
    "model": "shop.orderitem",
    "pk": 150,
    "fields": {
      "order": 11,
      "product": 20,
      "price": "3.79",
      "quantity": 1
    }
  },
  {
    "model": "shop.orderitem",
    "pk": 157,
    "fields": {
      "order": 12,
      "product": 6,
      "price": "14.99",
      "quantity": 2
    }
  },
  {
    "model": "shop.orderitem",
    "pk": 158,
    "fields": {
      "order": 12,
      "product": 15,
      "price": "2.99",
      "quantity": 2
    }
  },
  {
    "model": "shop.orderitem",
    "pk": 159,
    "fields": {
      "order": 12,
      "product": 21,
      "price": "2.58",
      "quantity": 2
    }
  },
  {
    "model": "shop.orderitem",
    "pk": 160,
    "fields": {
      "order": 12,
      "product": 13,
      "price": "1.59",
      "quantity": 2
    }
  },
  {
    "model": "shop.orderitem",
    "pk": 161,
    "fields": {
      "order": 12,
      "product": 12,
      "price": "1.89",
      "quantity": 2
    }
  },
  {
    "model": "shop.orderitem",
    "pk": 162,
    "fields": {
      "order": 12,
      "product": 22,
      "price": "5.99",
      "quantity": 2
    }
  },
  {
    "model": "shop.orderitem",
    "pk": 163,
    "fields": {
      "order": 13,
      "product": 6,
      "price": "14.99",
      "quantity": 1
    }
  },
  {
    "model": "shop.orderitem",
    "pk": 164,
    "fields": {
      "order": 13,
      "product": 15,
      "price": "2.99",
      "quantity": 1
    }
  },
  {
    "model": "shop.orderitem",
    "pk": 165,
    "fields": {
      "order": 13,
      "product": 21,
      "price": "2.58",
      "quantity": 1
    }
  },
  {
    "model": "shop.orderitem",
    "pk": 166,
    "fields": {
      "order": 13,
      "product": 13,
      "price": "1.59",
      "quantity": 1
    }
  },
  {
    "model": "shop.orderitem",
    "pk": 167,
    "fields": {
      "order": 13,
      "product": 12,
      "price": "1.89",
      "quantity": 1
    }
  },
  {
    "model": "shop.orderitem",
    "pk": 168,
    "fields": {
      "order": 13,
      "product": 22,
      "price": "5.99",
      "quantity": 1
    }
  },
  {
    "model": "shop.orderitem",
    "pk": 169,
    "fields": {
      "order": 14,
      "product": 6,
      "price": "14.99",
      "quantity": 1
    }
  },
  {
    "model": "shop.orderitem",
    "pk": 170,
    "fields": {
      "order": 14,
      "product": 15,
      "price": "2.99",
      "quantity": 1
    }
  },
  {
    "model": "shop.orderitem",
    "pk": 171,
    "fields": {
      "order": 14,
      "product": 21,
      "price": "2.58",
      "quantity": 1
    }
  },
  {
    "model": "shop.orderitem",
    "pk": 172,
    "fields": {
      "order": 14,
      "product": 13,
      "price": "1.59",
      "quantity": 1
    }
  },
  {
    "model": "shop.orderitem",
    "pk": 173,
    "fields": {
      "order": 14,
      "product": 12,
      "price": "1.89",
      "quantity": 1
    }
  },
  {
    "model": "shop.orderitem",
    "pk": 174,
    "fields": {
      "order": 14,
      "product": 22,
      "price": "5.99",
      "quantity": 1
    }
  },
  {
    "model": "shop.orderitem",
    "pk": 175,
    "fields": {
      "order": 15,
      "product": 6,
      "price": "14.99",
      "quantity": 1
    }
  },
  {
    "model": "shop.orderitem",
    "pk": 176,
    "fields": {
      "order": 15,
      "product": 15,
      "price": "2.99",
      "quantity": 1
    }
  },
  {
    "model": "shop.orderitem",
    "pk": 177,
    "fields": {
      "order": 15,
      "product": 21,
      "price": "2.58",
      "quantity": 1
    }
  },
  {
    "model": "shop.orderitem",
    "pk": 178,
    "fields": {
      "order": 15,
      "product": 13,
      "price": "1.59",
      "quantity": 1
    }
  },
  {
    "model": "shop.orderitem",
    "pk": 179,
    "fields": {
      "order": 15,
      "product": 12,
      "price": "1.89",
      "quantity": 1
    }
  },
  {
    "model": "shop.orderitem",
    "pk": 180,
    "fields": {
      "order": 15,
      "product": 22,
      "price": "5.99",
      "quantity": 1
    }
  },
  {
    "model": "shop.orderitem",
    "pk": 181,
    "fields": {
      "order": 16,
      "product": 9,
      "price": "10.99",
      "quantity": 1
    }
  },
  {
    "model": "shop.orderitem",
    "pk": 182,
    "fields": {
      "order": 16,
      "product": 15,
      "price": "2.99",
      "quantity": 1
    }
  },
  {
    "model": "shop.orderitem",
    "pk": 183,
    "fields": {
      "order": 16,
      "product": 20,
      "price": "3.79",
      "quantity": 1
    }
  },
  {
    "model": "shop.orderitem",
    "pk": 184,
    "fields": {
      "order": 16,
      "product": 13,
      "price": "1.59",
      "quantity": 1
    }
  },
  {
    "model": "shop.orderitem",
    "pk": 185,
    "fields": {
      "order": 17,
      "product": 9,
      "price": "10.99",
      "quantity": 1
    }
  },
  {
    "model": "shop.orderitem",
    "pk": 186,
    "fields": {
      "order": 17,
      "product": 15,
      "price": "2.99",
      "quantity": 1
    }
  },
  {
    "model": "shop.orderitem",
    "pk": 187,
    "fields": {
      "order": 17,
      "product": 20,
      "price": "3.79",
      "quantity": 1
    }
  },
  {
    "model": "shop.orderitem",
    "pk": 188,
    "fields": {
      "order": 17,
      "product": 13,
      "price": "1.59",
      "quantity": 1
    }
  },
  {
    "model": "shop.orderitem",
    "pk": 189,
    "fields": {
      "order": 18,
      "product": 6,
      "price": "14.99",
      "quantity": 1
    }
  },
  {
    "model": "shop.orderitem",
    "pk": 190,
    "fields": {
      "order": 18,
      "product": 15,
      "price": "2.99",
      "quantity": 1
    }
  },
  {
    "model": "shop.orderitem",
    "pk": 191,
    "fields": {
      "order": 18,
      "product": 21,
      "price": "2.58",
      "quantity": 1
    }
  },
  {
    "model": "shop.orderitem",
    "pk": 192,
    "fields": {
      "order": 18,
      "product": 13,
      "price": "1.59",
      "quantity": 1
    }
  },
  {
    "model": "shop.orderitem",
    "pk": 193,
    "fields": {
      "order": 18,
      "product": 22,
      "price": "5.99",
      "quantity": 1
    }
  },
  {
    "model": "shop.orderitem",
    "pk": 194,
    "fields": {
      "order": 18,
      "product": 7,
      "price": "2.49",
      "quantity": 1
    }
  },
  {
    "model": "shop.orderitem",
    "pk": 206,
    "fields": {
      "order": 19,
      "product": 9,
      "price": "10.99",
      "quantity": 2
    }
  },
  {
    "model": "shop.orderitem",
    "pk": 207,
    "fields": {
      "order": 19,
      "product": 15,
      "price": "2.99",
      "quantity": 2
    }
  },
  {
    "model": "shop.orderitem",
    "pk": 208,
    "fields": {
      "order": 19,
      "product": 18,
      "price": "1.19",
      "quantity": 2
    }
  },
  {
    "model": "shop.orderitem",
    "pk": 209,
    "fields": {
      "order": 19,
      "product": 13,
      "price": "1.59",
      "quantity": 2
    }
  },
  {
    "model": "shop.orderitem",
    "pk": 210,
    "fields": {
      "order": 19,
      "product": 12,
      "price": "1.89",
      "quantity": 2
    }
  },
  {
    "model": "shop.orderitem",
    "pk": 241,
    "fields": {
      "order": 20,
      "product": 5,
      "price": "10.99",
      "quantity": 1
    }
  },
  {
    "model": "shop.orderitem",
    "pk": 242,
    "fields": {
      "order": 20,
      "product": 15,
      "price": "2.99",
      "quantity": 1
    }
  },
  {
    "model": "shop.orderitem",
    "pk": 243,
    "fields": {
      "order": 20,
      "product": 19,
      "price": "1.89",
      "quantity": 1
    }
  },
  {
    "model": "shop.orderitem",
    "pk": 244,
    "fields": {
      "order": 20,
      "product": 13,
      "price": "1.59",
      "quantity": 1
    }
  },
  {
    "model": "shop.orderitem",
    "pk": 245,
    "fields": {
      "order": 20,
      "product": 7,
      "price": "2.49",
      "quantity": 1
    }
  },
  {
    "model": "shop.orderitem",
    "pk": 246,
    "fields": {
      "order": 26,
      "product": 6,
      "price": "14.99",
      "quantity": 1
    }
  },
  {
    "model": "shop.orderitem",
    "pk": 247,
    "fields": {
      "order": 26,
      "product": 15,
      "price": "2.99",
      "quantity": 1
    }
  },
  {
    "model": "shop.orderitem",
    "pk": 248,
    "fields": {
      "order": 26,
      "product": 18,
      "price": "1.19",
      "quantity": 1
    }
  },
  {
    "model": "shop.orderitem",
    "pk": 249,
    "fields": {
      "order": 26,
      "product": 13,
      "price": "1.59",
      "quantity": 1
    }
  },
  {
    "model": "shop.orderitem",
    "pk": 250,
    "fields": {
      "order": 27,
      "product": 9,
      "price": "10.99",
      "quantity": 1
    }
  },
  {
    "model": "shop.orderitem",
    "pk": 251,
    "fields": {
      "order": 27,
      "product": 15,
      "price": "2.99",
      "quantity": 1
    }
  },
  {
    "model": "shop.orderitem",
    "pk": 252,
    "fields": {
      "order": 27,
      "product": 21,
      "price": "2.58",
      "quantity": 1
    }
  },
  {
    "model": "shop.orderitem",
    "pk": 253,
    "fields": {
      "order": 27,
      "product": 13,
      "price": "1.59",
      "quantity": 1
    }
  },
  {
    "model": "shop.orderitem",
    "pk": 254,
    "fields": {
      "order": 27,
      "product": 12,
      "price": "1.89",
      "quantity": 1
    }
  },
  {
    "model": "shop.orderitem",
    "pk": 255,
    "fields": {
      "order": 27,
      "product": 11,
      "price": "1.99",
      "quantity": 1
    }
  },
  {
    "model": "shop.orderitem",
    "pk": 256,
    "fields": {
      "order": 27,
      "product": 10,
      "price": "2.99",
      "quantity": 1
    }
  },
  {
    "model": "shop.orderitem",
    "pk": 257,
    "fields": {
      "order": 27,
      "product": 7,
      "price": "2.49",
      "quantity": 1
    }
  },
  {
    "model": "shop.orderitem",
    "pk": 276,
    "fields": {
      "order": 28,
      "product": 9,
      "price": "10.99",
      "quantity": 3
    }
  },
  {
    "model": "shop.orderitem",
    "pk": 277,
    "fields": {
      "order": 28,
      "product": 15,
      "price": "2.99",
      "quantity": 2
    }
  },
  {
    "model": "shop.orderitem",
    "pk": 278,
    "fields": {
      "order": 28,
      "product": 18,
      "price": "1.19",
      "quantity": 1
    }
  },
  {
    "model": "shop.orderitem",
    "pk": 279,
    "fields": {
      "order": 28,
      "product": 13,
      "price": "1.59",
      "quantity": 1
    }
  },
  {
    "model": "shop.orderitem",
    "pk": 280,
    "fields": {
      "order": 28,
      "product": 17,
      "price": "1.59",
      "quantity": 1
    }
  },
  {
    "model": "shop.orderitem",
    "pk": 281,
    "fields": {
      "order": 28,
      "product": 21,
      "price": "2.58",
      "quantity": 2
    }
  },
  {
    "model": "shop.orderitem",
    "pk": 282,
    "fields": {
      "order": 28,
      "product": 5,
      "price": "10.99",
      "quantity": 1
    }
  },
  {
    "model": "shop.orderitem",
    "pk": 283,
    "fields": {
      "order": 28,
      "product": 20,
      "price": "3.79",
      "quantity": 1
    }
  },
  {
    "model": "shop.orderitem",
    "pk": 284,
    "fields": {
      "order": 28,
      "product": 16,
      "price": "1.99",
      "quantity": 1
    }
  },
  {
    "model": "shop.orderitem",
    "pk": 293,
    "fields": {
      "order": 32,
      "product": 6,
      "price": "14.99",
      "quantity": 2
    }
  },
  {
    "model": "shop.orderitem",
    "pk": 294,
    "fields": {
      "order": 32,
      "product": 15,
      "price": "2.99",
      "quantity": 3
    }
  },
  {
    "model": "shop.orderitem",
    "pk": 295,
    "fields": {
      "order": 32,
      "product": 21,
      "price": "2.58",
      "quantity": 1
    }
  },
  {
    "model": "shop.orderitem",
    "pk": 296,
    "fields": {
      "order": 32,
      "product": 20,
      "price": "3.79",
      "quantity": 1
    }
  },
  {
    "model": "shop.orderitem",
    "pk": 297,
    "fields": {
      "order": 32,
      "product": 13,
      "price": "1.59",
      "quantity": 2
    }
  },
  {
    "model": "shop.orderitem",
    "pk": 298,
    "fields": {
      "order": 32,
      "product": 9,
      "price": "10.99",
      "quantity": 1
    }
  },
  {
    "model": "shop.orderitem",
    "pk": 299,
    "fields": {
      "order": 32,
      "product": 19,
      "price": "1.89",
      "quantity": 1
    }
  },
  {
    "model": "shop.orderitem",
    "pk": 300,
    "fields": {
      "order": 33,
      "product": 9,
      "price": "10.99",
      "quantity": 1
    }
  },
  {
    "model": "shop.orderitem",
    "pk": 301,
    "fields": {
      "order": 33,
      "product": 16,
      "price": "1.99",
      "quantity": 1
    }
  },
  {
    "model": "shop.orderitem",
    "pk": 302,
    "fields": {
      "order": 33,
      "product": 20,
      "price": "3.79",
      "quantity": 1
    }
  },
  {
    "model": "shop.orderitem",
    "pk": 303,
    "fields": {
      "order": 33,
      "product": 13,
      "price": "1.59",
      "quantity": 1
    }
  },
  {
    "model": "shop.orderitem",
    "pk": 304,
    "fields": {
      "order": 34,
      "product": 9,
      "price": "10.99",
      "quantity": 1
    }
  },
  {
    "model": "shop.orderitem",
    "pk": 305,
    "fields": {
      "order": 34,
      "product": 16,
      "price": "1.99",
      "quantity": 1
    }
  },
  {
    "model": "shop.orderitem",
    "pk": 306,
    "fields": {
      "order": 34,
      "product": 20,
      "price": "3.79",
      "quantity": 1
    }
  },
  {
    "model": "shop.orderitem",
    "pk": 307,
    "fields": {
      "order": 34,
      "product": 13,
      "price": "1.59",
      "quantity": 1
    }
  },
  {
    "model": "shop.orderitem",
    "pk": 319,
    "fields": {
      "order": 35,
      "product": 6,
      "price": "14.99",
      "quantity": 1
    }
  },
  {
    "model": "shop.orderitem",
    "pk": 320,
    "fields": {
      "order": 35,
      "product": 15,
      "price": "2.99",
      "quantity": 2
    }
  },
  {
    "model": "shop.orderitem",
    "pk": 321,
    "fields": {
      "order": 35,
      "product": 20,
      "price": "3.79",
      "quantity": 1
    }
  },
  {
    "model": "shop.orderitem",
    "pk": 322,
    "fields": {
      "order": 35,
      "product": 5,
      "price": "10.99",
      "quantity": 1
    }
  },
  {
    "model": "shop.orderitem",
    "pk": 323,
    "fields": {
      "order": 35,
      "product": 19,
      "price": "1.89",
      "quantity": 1
    }
  },
  {
    "model": "shop.orderitem",
    "pk": 324,
    "fields": {
      "order": 35,
      "product": 11,
      "price": "1.99",
      "quantity": 1
    }
  },
  {
    "model": "shop.orderitem",
    "pk": 325,
    "fields": {
      "order": 35,
      "product": 12,
      "price": "1.89",
      "quantity": 1
    }
  },
  {
    "model": "shop.orderitem",
    "pk": 331,
    "fields": {
      "order": 36,
      "product": 5,
      "price": "10.99",
      "quantity": 1
    }
  },
  {
    "model": "shop.orderitem",
    "pk": 332,
    "fields": {
      "order": 36,
      "product": 15,
      "price": "2.99",
      "quantity": 2
    }
  },
  {
    "model": "shop.orderitem",
    "pk": 333,
    "fields": {
      "order": 36,
      "product": 19,
      "price": "1.89",
      "quantity": 1
    }
  },
  {
    "model": "shop.orderitem",
    "pk": 334,
    "fields": {
      "order": 36,
      "product": 11,
      "price": "1.99",
      "quantity": 1
    }
  },
  {
    "model": "shop.orderitem",
    "pk": 335,
    "fields": {
      "order": 36,
      "product": 12,
      "price": "1.89",
      "quantity": 1
    }
  },
  {
    "model": "shop.orderitem",
    "pk": 336,
    "fields": {
      "order": 36,
      "product": 9,
      "price": "10.99",
      "quantity": 1
    }
  },
  {
    "model": "shop.orderitem",
    "pk": 337,
    "fields": {
      "order": 36,
      "product": 20,
      "price": "3.79",
      "quantity": 1
    }
  },
  {
    "model": "shop.orderitem",
    "pk": 354,
    "fields": {
      "order": 37,
      "product": 6,
      "price": "14.99",
      "quantity": 1
    }
  },
  {
    "model": "shop.orderitem",
    "pk": 355,
    "fields": {
      "order": 37,
      "product": 15,
      "price": "2.99",
      "quantity": 4
    }
  },
  {
    "model": "shop.orderitem",
    "pk": 356,
    "fields": {
      "order": 37,
      "product": 20,
      "price": "3.79",
      "quantity": 2
    }
  },
  {
    "model": "shop.orderitem",
    "pk": 357,
    "fields": {
      "order": 37,
      "product": 9,
      "price": "10.99",
      "quantity": 4
    }
  },
  {
    "model": "shop.orderitem",
    "pk": 358,
    "fields": {
      "order": 37,
      "product": 21,
      "price": "2.58",
      "quantity": 2
    }
  },
  {
    "model": "shop.orderitem",
    "pk": 359,
    "fields": {
      "order": 37,
      "product": 19,
      "price": "1.89",
      "quantity": 1
    }
  },
  {
    "model": "shop.orderitem",
    "pk": 360,
    "fields": {
      "order": 37,
      "product": 16,
      "price": "1.99",
      "quantity": 1
    }
  },
  {
    "model": "shop.orderitem",
    "pk": 361,
    "fields": {
      "order": 37,
      "product": 23,
      "price": "2.99",
      "quantity": 1
    }
  },
  {
    "model": "shop.orderitem",
    "pk": 362,
    "fields": {
      "order": 38,
      "product": 9,
      "price": "10.99",
      "quantity": 1
    }
  },
  {
    "model": "shop.orderitem",
    "pk": 363,
    "fields": {
      "order": 38,
      "product": 15,
      "price": "2.99",
      "quantity": 1
    }
  },
  {
    "model": "shop.orderitem",
    "pk": 364,
    "fields": {
      "order": 38,
      "product": 20,
      "price": "3.79",
      "quantity": 1
    }
  },
  {
    "model": "shop.orderitem",
    "pk": 388,
    "fields": {
      "order": 39,
      "product": 6,
      "price": "14.99",
      "quantity": 1
    }
  },
  {
    "model": "shop.orderitem",
    "pk": 389,
    "fields": {
      "order": 39,
      "product": 15,
      "price": "2.99",
      "quantity": 5
    }
  },
  {
    "model": "shop.orderitem",
    "pk": 390,
    "fields": {
      "order": 39,
      "product": 19,
      "price": "1.89",
      "quantity": 1
    }
  },
  {
    "model": "shop.orderitem",
    "pk": 391,
    "fields": {
      "order": 39,
      "product": 5,
      "price": "10.99",
      "quantity": 2
    }
  },
  {
    "model": "shop.orderitem",
    "pk": 392,
    "fields": {
      "order": 39,
      "product": 20,
      "price": "3.79",
      "quantity": 2
    }
  },
  {
    "model": "shop.orderitem",
    "pk": 393,
    "fields": {
      "order": 39,
      "product": 13,
      "price": "1.59",
      "quantity": 2
    }
  },
  {
    "model": "shop.orderitem",
    "pk": 394,
    "fields": {
      "order": 39,
      "product": 9,
      "price": "10.99",
      "quantity": 2
    }
  },
  {
    "model": "shop.orderitem",
    "pk": 395,
    "fields": {
      "order": 39,
      "product": 21,
      "price": "2.58",
      "quantity": 2
    }
  },
  {
    "model": "shop.orderitem",
    "pk": 396,
    "fields": {
      "order": 40,
      "product": 6,
      "price": "14.99",
      "quantity": 1
    }
  },
  {
    "model": "shop.orderitem",
    "pk": 397,
    "fields": {
      "order": 40,
      "product": 15,
      "price": "2.99",
      "quantity": 1
    }
  },
  {
    "model": "shop.orderitem",
    "pk": 398,
    "fields": {
      "order": 40,
      "product": 20,
      "price": "3.79",
      "quantity": 1
    }
  },
  {
    "model": "shop.orderitem",
    "pk": 402,
    "fields": {
      "order": 41,
      "product": 9,
      "price": "10.99",
      "quantity": 2
    }
  },
  {
    "model": "shop.orderitem",
    "pk": 403,
    "fields": {
      "order": 41,
      "product": 15,
      "price": "2.99",
      "quantity": 2
    }
  },
  {
    "model": "shop.orderitem",
    "pk": 404,
    "fields": {
      "order": 41,
      "product": 20,
      "price": "3.79",
      "quantity": 1
    }
  },
  {
    "model": "shop.orderitem",
    "pk": 405,
    "fields": {
      "order": 41,
      "product": 21,
      "price": "2.58",
      "quantity": 1
    }
  },
  {
    "model": "shop.orderitem",
    "pk": 409,
    "fields": {
      "order": 42,
      "product": 9,
      "price": "10.99",
      "quantity": 2
    }
  },
  {
    "model": "shop.orderitem",
    "pk": 410,
    "fields": {
      "order": 42,
      "product": 15,
      "price": "2.99",
      "quantity": 2
    }
  },
  {
    "model": "shop.orderitem",
    "pk": 411,
    "fields": {
      "order": 42,
      "product": 20,
      "price": "3.79",
      "quantity": 2
    }
  },
  {
    "model": "shop.orderitem",
    "pk": 431,
    "fields": {
      "order": 43,
      "product": 9,
      "price": "10.99",
      "quantity": 1
    }
  },
  {
    "model": "shop.orderitem",
    "pk": 432,
    "fields": {
      "order": 43,
      "product": 17,
      "price": "1.59",
      "quantity": 1
    }
  },
  {
    "model": "shop.orderitem",
    "pk": 433,
    "fields": {
      "order": 43,
      "product": 21,
      "price": "2.58",
      "quantity": 1
    }
  },
  {
    "model": "shop.orderitem",
    "pk": 434,
    "fields": {
      "order": 43,
      "product": 13,
      "price": "1.59",
      "quantity": 1
    }
  },
  {
    "model": "shop.orderitem",
    "pk": 435,
    "fields": {
      "order": 44,
      "product": 6,
      "price": "14.99",
      "quantity": 1
    }
  },
  {
    "model": "shop.orderitem",
    "pk": 436,
    "fields": {
      "order": 44,
      "product": 15,
      "price": "2.99",
      "quantity": 1
    }
  },
  {
    "model": "shop.orderitem",
    "pk": 437,
    "fields": {
      "order": 44,
      "product": 20,
      "price": "3.79",
      "quantity": 1
    }
  },
  {
    "model": "shop.orderitem",
    "pk": 438,
    "fields": {
      "order": 44,
      "product": 13,
      "price": "1.59",
      "quantity": 1
    }
  },
  {
    "model": "shop.orderitem",
    "pk": 956,
    "fields": {
      "order": 46,
      "product": 6,
      "price": "14.99",
      "quantity": 1
    }
  },
  {
    "model": "shop.orderitem",
    "pk": 957,
    "fields": {
      "order": 46,
      "product": 15,
      "price": "2.99",
      "quantity": 1
    }
  },
  {
    "model": "shop.orderitem",
    "pk": 958,
    "fields": {
      "order": 46,
      "product": 21,
      "price": "2.58",
      "quantity": 1
    }
  },
  {
    "model": "shop.orderitem",
    "pk": 979,
    "fields": {
      "order": 48,
      "product": 9,
      "price": "10.99",
      "quantity": 1
    }
  },
  {
    "model": "shop.orderitem",
    "pk": 980,
    "fields": {
      "order": 48,
      "product": 15,
      "price": "2.99",
      "quantity": 1
    }
  },
  {
    "model": "shop.orderitem",
    "pk": 981,
    "fields": {
      "order": 48,
      "product": 21,
      "price": "2.58",
      "quantity": 1
    }
  },
  {
    "model": "shop.orderitem",
    "pk": 982,
    "fields": {
      "order": 48,
      "product": 22,
      "price": "5.99",
      "quantity": 1
    }
  },
  {
    "model": "shop.orderitem",
    "pk": 983,
    "fields": {
      "order": 49,
      "product": 9,
      "price": "10.99",
      "quantity": 1
    }
  },
  {
    "model": "shop.orderitem",
    "pk": 984,
    "fields": {
      "order": 49,
      "product": 15,
      "price": "2.99",
      "quantity": 1
    }
  },
  {
    "model": "shop.orderitem",
    "pk": 985,
    "fields": {
      "order": 49,
      "product": 18,
      "price": "1.19",
      "quantity": 1
    }
  },
  {
    "model": "shop.orderitem",
    "pk": 986,
    "fields": {
      "order": 49,
      "product": 12,
      "price": "1.89",
      "quantity": 1
    }
  },
  {
    "model": "shop.orderitem",
    "pk": 987,
    "fields": {
      "order": 51,
      "product": 9,
      "price": "10.99",
      "quantity": 1
    }
  },
  {
    "model": "shop.orderitem",
    "pk": 988,
    "fields": {
      "order": 51,
      "product": 17,
      "price": "1.59",
      "quantity": 1
    }
  },
  {
    "model": "shop.orderitem",
    "pk": 989,
    "fields": {
      "order": 51,
      "product": 21,
      "price": "2.58",
      "quantity": 1
    }
  },
  {
    "model": "shop.orderitem",
    "pk": 990,
    "fields": {
      "order": 51,
      "product": 23,
      "price": "2.99",
      "quantity": 1
    }
  },
  {
    "model": "shop.orderitem",
    "pk": 991,
    "fields": {
      "order": 52,
      "product": 9,
      "price": "10.99",
      "quantity": 1
    }
  },
  {
    "model": "shop.orderitem",
    "pk": 992,
    "fields": {
      "order": 52,
      "product": 15,
      "price": "2.99",
      "quantity": 1
    }
  },
  {
    "model": "shop.orderitem",
    "pk": 993,
    "fields": {
      "order": 52,
      "product": 20,
      "price": "3.79",
      "quantity": 1
    }
  },
  {
    "model": "shop.uservault",
    "pk": 1,
    "fields": {
      "user": 1,
      "vault_id": "cus_P7yX6H3LKzjaQY"
    }
  },
  {
    "model": "shop.uservault",
    "pk": 2,
    "fields": {
      "user": 5,
      "vault_id": "cus_P7zkv0UrlxJIZ7"
    }
  },
  {
    "model": "shop.paymentlog",
    "pk": 1,
    "fields": {
      "user": null,
      "order": 17,
      "amount": "1936.00",
      "timestamp": "2023-12-04T17:33:17.882Z",
      "transaction_id": "pi_3OJg1ABqjEbuVznC1IluJ4zi",
      "info": {
        "type": "pm_1OJg1ABqjEbuVznCrBajkNvB"
      }
    }
  },
  {
    "model": "shop.paymentlog",
    "pk": 2,
    "fields": {
      "user": null,
      "order": 18,
      "amount": "3063.00",
      "timestamp": "2023-12-04T18:37:31.877Z",
      "transaction_id": "pi_3OJh1KBqjEbuVznC0H5B1g1H",
      "info": {
        "type": "pm_1OJh1KBqjEbuVznCAQrthw8R"
      }
    }
  },
  {
    "model": "shop.paymentlog",
    "pk": 3,
    "fields": {
      "user": null,
      "order": 19,
      "amount": "2584.00",
      "timestamp": "2023-12-04T18:43:53.212Z",
      "transaction_id": "pi_3OJh7UBqjEbuVznC0oyE9dfT",
      "info": {
        "type": "pm_1OJh7TBqjEbuVznCYFpq0GDx"
      }
    }
  },
  {
    "model": "shop.paymentlog",
    "pk": 4,
    "fields": {
      "user": null,
      "order": 19,
      "amount": "3730.00",
      "timestamp": "2023-12-04T19:11:53.449Z",
      "transaction_id": "pi_3OJhYaBqjEbuVznC0ZydvHr0",
      "info": {
        "type": "pm_1OJhYZBqjEbuVznCsa9WTcfY"
      }
    }
  },
  {
    "model": "shop.paymentlog",
    "pk": 5,
    "fields": {
      "user": null,
      "order": 20,
      "amount": "2722.00",
      "timestamp": "2023-12-04T19:33:16.631Z",
      "transaction_id": "pi_3OJhtHBqjEbuVznC0i9ovLCD",
      "info": {
        "type": "pm_1OJhtGBqjEbuVznCmE2zRiqt"
      }
    }
  },
  {
    "model": "shop.paymentlog",
    "pk": 6,
    "fields": {
      "user": null,
      "order": 20,
      "amount": "3650.00",
      "timestamp": "2023-12-04T19:35:08.362Z",
      "transaction_id": "pi_3OJhv5BqjEbuVznC1sOrIOq3",
      "info": {
        "type": "pm_1OJhv4BqjEbuVznCNHLRo6AC"
      }
    }
  },
  {
    "model": "shop.paymentlog",
    "pk": 7,
    "fields": {
      "user": 1,
      "order": 20,
      "amount": "6126.00",
      "timestamp": "2023-12-04T20:18:09.616Z",
      "transaction_id": "pi_3OJiaiBqjEbuVznC0g49B7C8",
      "info": {
        "type": "pm_1OJiahBqjEbuVznCGKef8XTi"
      }
    }
  },
  {
    "model": "shop.paymentlog",
    "pk": 8,
    "fields": {
      "user": 5,
      "order": 27,
      "amount": "2751.00",
      "timestamp": "2023-12-04T21:32:38.231Z",
      "transaction_id": "pi_3OJjkmBqjEbuVznC15oM6xZS",
      "info": {
        "type": "pm_1OJjklBqjEbuVznCspoeXS12"
      }
    }
  },
  {
    "model": "shop.paymentlog",
    "pk": 9,
    "fields": {
      "user": null,
      "order": 28,
      "amount": "1676.00",
      "timestamp": "2023-12-07T22:12:36.046Z",
      "transaction_id": "pi_3OKpo7BqjEbuVznC2XtynZFo",
      "info": {
        "type": "pm_1OKpo6BqjEbuVznCXyM8hqTB"
      }
    }
  },
  {
    "model": "shop.paymentlog",
    "pk": 10,
    "fields": {
      "user": null,
      "order": 28,
      "amount": "3192.00",
      "timestamp": "2023-12-07T22:37:50.547Z",
      "transaction_id": "pi_3OKqCYBqjEbuVznC2CumZcns",
      "info": {
        "type": "pm_1OKqCXBqjEbuVznCjrFqZnjG"
      }
    }
  },
  {
    "model": "shop.paymentlog",
    "pk": 11,
    "fields": {
      "user": null,
      "order": 28,
      "amount": "4969.00",
      "timestamp": "2023-12-07T22:39:21.480Z",
      "transaction_id": "pi_3OKqE0BqjEbuVznC0GopezV3",
      "info": {
        "type": "pm_1OKqE0BqjEbuVznCChyZZXLN"
      }
    }
  },
  {
    "model": "shop.paymentlog",
    "pk": 12,
    "fields": {
      "user": null,
      "order": 28,
      "amount": "6525.00",
      "timestamp": "2023-12-07T22:44:10.564Z",
      "transaction_id": "pi_3OKqIfBqjEbuVznC1doGzcE6",
      "info": {
        "type": "pm_1OKqIfBqjEbuVznCidMdyiLE"
      }
    }
  },
  {
    "model": "shop.paymentlog",
    "pk": 13,
    "fields": {
      "user": null,
      "order": 28,
      "amount": "6525.00",
      "timestamp": "2023-12-07T22:45:00.330Z",
      "transaction_id": "pi_3OKqJTBqjEbuVznC0uvopG0F",
      "info": {
        "type": "pm_1OKqJTBqjEbuVznC4AnMH0V9"
      }
    }
  },
  {
    "model": "shop.paymentlog",
    "pk": 14,
    "fields": {
      "user": null,
      "order": 28,
      "amount": "6525.00",
      "timestamp": "2023-12-07T22:47:10.690Z",
      "transaction_id": "pi_3OKqLaBqjEbuVznC1voczUFN",
      "info": {
        "type": "pm_1OKqLZBqjEbuVznC86KZh5li"
      }
    }
  },
  {
    "model": "shop.paymentlog",
    "pk": 15,
    "fields": {
      "user": null,
      "order": 28,
      "amount": "6525.00",
      "timestamp": "2023-12-07T22:47:34.273Z",
      "transaction_id": "pi_3OKqLxBqjEbuVznC0zFr805K",
      "info": {
        "type": "pm_1OKqLxBqjEbuVznCfWF09afW"
      }
    }
  },
  {
    "model": "shop.paymentlog",
    "pk": 16,
    "fields": {
      "user": null,
      "order": 33,
      "amount": "1836.00",
      "timestamp": "2023-12-07T23:13:13.799Z",
      "transaction_id": "pi_3OKqknBqjEbuVznC13HWpfPw",
      "info": {
        "type": "pm_1OKqkmBqjEbuVznCCgxmr34S"
      }
    }
  },
  {
    "model": "shop.paymentlog",
    "pk": 17,
    "fields": {
      "user": null,
      "order": 33,
      "amount": "1836.00",
      "timestamp": "2023-12-07T23:18:53.572Z",
      "transaction_id": "pi_3OKqqHBqjEbuVznC2oFR3oma",
      "info": {
        "type": "pm_1OKqqGBqjEbuVznCUd6LNGOe"
      }
    }
  },
  {
    "model": "shop.paymentlog",
    "pk": 18,
    "fields": {
      "user": null,
      "order": 33,
      "amount": "1836.00",
      "timestamp": "2023-12-07T23:21:05.261Z",
      "transaction_id": "pi_3OKqsOBqjEbuVznC2wd7S5a2",
      "info": {
        "type": "pm_1OKqsNBqjEbuVznCxH3vInj1"
      }
    }
  },
  {
    "model": "shop.paymentlog",
    "pk": 19,
    "fields": {
      "user": null,
      "order": 33,
      "amount": "1836.00",
      "timestamp": "2023-12-07T23:23:42.417Z",
      "transaction_id": "pi_3OKquvBqjEbuVznC01S85suW",
      "info": {
        "type": "pm_1OKquvBqjEbuVznCy7968v30"
      }
    }
  },
  {
    "model": "shop.paymentlog",
    "pk": 20,
    "fields": {
      "user": null,
      "order": 33,
      "amount": "1836.00",
      "timestamp": "2023-12-07T23:24:58.240Z",
      "transaction_id": "pi_3OKqw9BqjEbuVznC1kZef2cI",
      "info": {
        "type": "pm_1OKqw9BqjEbuVznCfhOHoVFe"
      }
    }
  },
  {
    "model": "shop.paymentlog",
    "pk": 21,
    "fields": {
      "user": null,
      "order": 33,
      "amount": "1836.00",
      "timestamp": "2023-12-07T23:29:21.673Z",
      "transaction_id": "pi_3OKr0PBqjEbuVznC2aHIwMPC",
      "info": {
        "type": "pm_1OKr0OBqjEbuVznC6MJd880i"
      }
    }
  },
  {
    "model": "shop.paymentlog",
    "pk": 22,
    "fields": {
      "user": null,
      "order": 33,
      "amount": "1836.00",
      "timestamp": "2023-12-07T23:32:02.166Z",
      "transaction_id": "pi_3OKr2zBqjEbuVznC2UbQm3Pz",
      "info": {
        "type": "pm_1OKr2yBqjEbuVznCj84uV0A9"
      }
    }
  },
  {
    "model": "shop.paymentlog",
    "pk": 23,
    "fields": {
      "user": null,
      "order": 33,
      "amount": "1836.00",
      "timestamp": "2023-12-07T23:36:09.030Z",
      "transaction_id": "pi_3OKr6yBqjEbuVznC2jOHt6h4",
      "info": {
        "type": "pm_1OKr6xBqjEbuVznC9ouiOZX0"
      }
    }
  },
  {
    "model": "shop.paymentlog",
    "pk": 24,
    "fields": {
      "user": null,
      "order": 33,
      "amount": "1836.00",
      "timestamp": "2023-12-07T23:36:52.655Z",
      "transaction_id": "pi_3OKr7gBqjEbuVznC0yZ0C8QZ",
      "info": {
        "type": "pm_1OKr7eBqjEbuVznCRlhLq1U2"
      }
    }
  },
  {
    "model": "shop.paymentlog",
    "pk": 25,
    "fields": {
      "user": null,
      "order": 33,
      "amount": "1836.00",
      "timestamp": "2023-12-07T23:38:31.679Z",
      "transaction_id": "pi_3OKr9HBqjEbuVznC3Fxf2e0n",
      "info": {
        "type": "pm_1OKr9GBqjEbuVznCUpfnKmOs"
      }
    }
  },
  {
    "model": "shop.paymentlog",
    "pk": 26,
    "fields": {
      "user": null,
      "order": 33,
      "amount": "1836.00",
      "timestamp": "2023-12-07T23:39:29.330Z",
      "transaction_id": "pi_3OKrACBqjEbuVznC2TkTdbga",
      "info": {
        "type": "pm_1OKrABBqjEbuVznCbCWPgffk"
      }
    }
  },
  {
    "model": "shop.paymentlog",
    "pk": 27,
    "fields": {
      "user": null,
      "order": 33,
      "amount": "1836.00",
      "timestamp": "2023-12-07T23:41:15.832Z",
      "transaction_id": "pi_3OKrBvBqjEbuVznC2PhDTJa5",
      "info": {
        "type": "pm_1OKrBuBqjEbuVznCm0FT3Kcd"
      }
    }
  },
  {
    "model": "shop.paymentlog",
    "pk": 28,
    "fields": {
      "user": null,
      "order": 33,
      "amount": "1836.00",
      "timestamp": "2023-12-07T23:41:44.549Z",
      "transaction_id": "pi_3OKrCOBqjEbuVznC1qXoZnmG",
      "info": {
        "type": "pm_1OKrCNBqjEbuVznCRQY7AKdH"
      }
    }
  },
  {
    "model": "shop.paymentlog",
    "pk": 29,
    "fields": {
      "user": null,
      "order": 33,
      "amount": "1836.00",
      "timestamp": "2023-12-07T23:43:34.791Z",
      "transaction_id": "pi_3OKrEABqjEbuVznC1j5jOjBC",
      "info": {
        "type": "pm_1OKrE9BqjEbuVznCXgSnELJ2"
      }
    }
  },
  {
    "model": "shop.paymentlog",
    "pk": 30,
    "fields": {
      "user": null,
      "order": 33,
      "amount": "1836.00",
      "timestamp": "2023-12-07T23:44:36.549Z",
      "transaction_id": "pi_3OKrF9BqjEbuVznC10y6ssxH",
      "info": {
        "type": "pm_1OKrF8BqjEbuVznCfFITPNWm"
      }
    }
  },
  {
    "model": "shop.paymentlog",
    "pk": 31,
    "fields": {
      "user": null,
      "order": 34,
      "amount": "1836.00",
      "timestamp": "2023-12-07T23:46:15.763Z",
      "transaction_id": "pi_3OKrGlBqjEbuVznC1F6l36n7",
      "info": {
        "type": "pm_1OKrGkBqjEbuVznCIaC2yHLM"
      }
    }
  },
  {
    "model": "shop.paymentlog",
    "pk": 32,
    "fields": {
      "user": null,
      "order": 34,
      "amount": "1836.00",
      "timestamp": "2023-12-07T23:47:42.402Z",
      "transaction_id": "pi_3OKrI9BqjEbuVznC2w7IpvoY",
      "info": {
        "type": "pm_1OKrI9BqjEbuVznCUnfUll7h"
      }
    }
  },
  {
    "model": "shop.paymentlog",
    "pk": 33,
    "fields": {
      "user": null,
      "order": 34,
      "amount": "1836.00",
      "timestamp": "2023-12-07T23:48:15.476Z",
      "transaction_id": "pi_3OKrIgBqjEbuVznC0vWokdIg",
      "info": {
        "type": "pm_1OKrIgBqjEbuVznCvfLPab6s"
      }
    }
  },
  {
    "model": "shop.paymentlog",
    "pk": 34,
    "fields": {
      "user": null,
      "order": 34,
      "amount": "1836.00",
      "timestamp": "2023-12-07T23:49:31.770Z",
      "transaction_id": "pi_3OKrJvBqjEbuVznC04B3nr1v",
      "info": {
        "type": "pm_1OKrJuBqjEbuVznCdmsuqNzL"
      }
    }
  },
  {
    "model": "shop.paymentlog",
    "pk": 35,
    "fields": {
      "user": null,
      "order": 35,
      "amount": "1656.00",
      "timestamp": "2023-12-07T23:50:32.290Z",
      "transaction_id": "pi_3OKrKtBqjEbuVznC1koxp6dd",
      "info": {
        "type": "pm_1OKrKsBqjEbuVznCmUyxDrpm"
      }
    }
  },
  {
    "model": "shop.paymentlog",
    "pk": 36,
    "fields": {
      "user": null,
      "order": 35,
      "amount": "1656.00",
      "timestamp": "2023-12-07T23:54:18.251Z",
      "transaction_id": "pi_3OKrOXBqjEbuVznC091A20AV",
      "info": {
        "type": "pm_1OKrOWBqjEbuVznCr9oipjf8"
      }
    }
  },
  {
    "model": "shop.paymentlog",
    "pk": 37,
    "fields": {
      "user": null,
      "order": 35,
      "amount": "1656.00",
      "timestamp": "2023-12-07T23:56:05.615Z",
      "transaction_id": "pi_3OKrQGBqjEbuVznC0LeaTFzH",
      "info": {
        "type": "pm_1OKrQFBqjEbuVznC6kssHcNu"
      }
    }
  },
  {
    "model": "shop.paymentlog",
    "pk": 38,
    "fields": {
      "user": null,
      "order": 35,
      "amount": "3234.00",
      "timestamp": "2023-12-07T23:56:41.276Z",
      "transaction_id": "pi_3OKrQqBqjEbuVznC0ws7MHNA",
      "info": {
        "type": "pm_1OKrQpBqjEbuVznCixjl3Jzt"
      }
    }
  },
  {
    "model": "shop.paymentlog",
    "pk": 39,
    "fields": {
      "user": null,
      "order": 35,
      "amount": "2177.00",
      "timestamp": "2023-12-07T23:57:24.570Z",
      "transaction_id": "pi_3OKrRYBqjEbuVznC25Ocye9k",
      "info": {
        "type": "pm_1OKrRXBqjEbuVznCvfs2Pv2b"
      }
    }
  },
  {
    "model": "shop.paymentlog",
    "pk": 40,
    "fields": {
      "user": null,
      "order": 35,
      "amount": "4152.00",
      "timestamp": "2023-12-07T23:59:41.889Z",
      "transaction_id": "pi_3OKrTlBqjEbuVznC3liVD6eB",
      "info": {
        "type": "pm_1OKrTkBqjEbuVznClByCH5Mh"
      }
    }
  },
  {
    "model": "shop.paymentlog",
    "pk": 41,
    "fields": {
      "user": null,
      "order": 36,
      "amount": "1975.00",
      "timestamp": "2023-12-08T00:01:50.718Z",
      "transaction_id": "pi_3OKrVqBqjEbuVznC3M0XWTI2",
      "info": {
        "type": "pm_1OKrVpBqjEbuVznC0GSz3rsa"
      }
    }
  },
  {
    "model": "shop.paymentlog",
    "pk": 42,
    "fields": {
      "user": null,
      "order": 36,
      "amount": "1975.00",
      "timestamp": "2023-12-08T00:02:20.825Z",
      "transaction_id": "pi_3OKrWKBqjEbuVznC1ujMVrUu",
      "info": {
        "type": "pm_1OKrWJBqjEbuVznCpMsL2TfO"
      }
    }
  },
  {
    "model": "shop.paymentlog",
    "pk": 43,
    "fields": {
      "user": null,
      "order": 36,
      "amount": "3752.00",
      "timestamp": "2023-12-08T00:05:25.047Z",
      "transaction_id": "pi_3OKrZIBqjEbuVznC24AFMPKp",
      "info": {
        "type": "pm_1OKrZHBqjEbuVznC7JQcylxD"
      }
    }
  },
  {
    "model": "shop.paymentlog",
    "pk": 44,
    "fields": {
      "user": null,
      "order": 42,
      "amount": "1777.00",
      "timestamp": "2023-12-08T06:44:59.844Z",
      "transaction_id": "pi_3OKxnzBqjEbuVznC3KgBGjIM",
      "info": {
        "type": "pm_1OKxnyBqjEbuVznCFNZT41vS"
      }
    }
  },
  {
    "model": "shop.paymentlog",
    "pk": 45,
    "fields": {
      "user": null,
      "order": 42,
      "amount": "1777.00",
      "timestamp": "2023-12-08T06:45:29.744Z",
      "transaction_id": "pi_3OKxoTBqjEbuVznC1hY8RrhI",
      "info": {
        "type": "pm_1OKxoSBqjEbuVznC9Ipv3tXm"
      }
    }
  },
  {
    "model": "shop.paymentlog",
    "pk": 46,
    "fields": {
      "user": null,
      "order": 42,
      "amount": "3554.00",
      "timestamp": "2023-12-08T06:49:28.851Z",
      "transaction_id": "pi_3OKxsKBqjEbuVznC3X586gM4",
      "info": {
        "type": "pm_1OKxsJBqjEbuVznC0r2l6sV4"
      }
    }
  },
  {
    "model": "shop.paymentlog",
    "pk": 47,
    "fields": {
      "user": null,
      "order": 43,
      "amount": "1675.00",
      "timestamp": "2023-12-08T09:18:34.988Z",
      "transaction_id": "pi_3OL0CbBqjEbuVznC0LTeIcy3",
      "info": {
        "type": "pm_1OL0CaBqjEbuVznCK3Ci9wev"
      }
    }
  },
  {
    "model": "shop.paymentlog",
    "pk": 48,
    "fields": {
      "user": null,
      "order": 44,
      "amount": "2336.00",
      "timestamp": "2023-12-08T09:23:39.258Z",
      "transaction_id": "pi_3OL0HWBqjEbuVznC2RVDPml5",
      "info": {
        "type": "pm_1OL0HVBqjEbuVznCjT8bd6Z1"
      }
    }
  },
  {
    "model": "shop.paymentlog",
    "pk": 49,
    "fields": {
      "user": null,
      "order": 44,
      "amount": "2336.00",
      "timestamp": "2023-12-08T09:23:59.016Z",
      "transaction_id": "pi_3OL0HqBqjEbuVznC2lhMGqiZ",
      "info": {
        "type": "pm_1OL0HpBqjEbuVznCS8Jpb42o"
      }
    }
  },
  {
    "model": "shop.paymentlog",
    "pk": 50,
    "fields": {
      "user": null,
      "order": 45,
      "amount": "898.00",
      "timestamp": "2023-12-08T09:46:18.968Z",
      "transaction_id": "pi_3OL0dSBqjEbuVznC2KqUunKA",
      "info": {
        "type": "pm_1OL0dRBqjEbuVznCjut17Eba"
      }
    }
  },
  {
    "model": "shop.paymentlog",
    "pk": 51,
    "fields": {
      "user": null,
      "order": 45,
      "amount": "898.00",
      "timestamp": "2023-12-08T09:46:58.900Z",
      "transaction_id": "pi_3OL0e6BqjEbuVznC0Vn7DwbJ",
      "info": {
        "type": "pm_1OL0e5BqjEbuVznCeamz5SGu"
      }
    }
  },
  {
    "model": "shop.paymentlog",
    "pk": 52,
    "fields": {
      "user": null,
      "order": 51,
      "amount": "1815.00",
      "timestamp": "2023-12-09T07:34:36.305Z",
      "transaction_id": "pi_3OLL3XBqjEbuVznC2qbUMOCH",
      "info": {
        "type": "pm_1OLL3UBqjEbuVznCjy03nZt3"
      }
    }
  },
  {
    "model": "authtoken.token",
    "pk": "35fb938d0d9dbd65f80a1a11868df1f7ff4650ec",
    "fields": {
      "user": 1,
      "created": "2023-11-28T07:00:57.565Z"
    }
  },
  {
    "model": "authtoken.token",
    "pk": "4f669d355cfeece164c0afab49acec2e1231905e",
    "fields": {
      "user": 5,
      "created": "2023-12-04T21:30:20.259Z"
    }
  },
  {
    "model": "authtoken.token",
    "pk": "c0b5955d0787263609ab5de00279fc4c4bf7e4a1",
    "fields": {
      "user": 4,
      "created": "2023-12-01T22:27:16.866Z"
    }
  },
  {
    "model": "authtoken.token",
    "pk": "ddcd386ff6ed3b72bbd5824eccadca37c9e8a882",
    "fields": {
      "user": 3,
      "created": "2023-11-29T10:05:48.207Z"
    }
  },
  {
    "model": "authtoken.token",
    "pk": "fbece30bb8de632cd7d8d4a78f68207a22453ba6",
    "fields": {
      "user": 2,
      "created": "2023-11-29T09:45:54.687Z"
    }
  }
]
